{
  "0": {
    "answer": [3],
    "hint": ""
  },
  "1": {
    "answer": [2],
    "hint": ""
  },
  "2": {
    "answer": [2],
    "hint": ""
  },
  "3": {
    "answer": [2],
    "hint": ""
  },
  "4": {
    "answer": [2],
    "hint": ""
  },
  "5": {
    "answer": [1],
    "hint": ""
  },
  "6": {
    "answer": [1],
    "hint": ""
  },
  "7": {
    "answer": [0],
    "hint": ""
  },
  "8": {
    "answer": [0],
    "hint": ""
  },
  "9": {
    "answer": [1],
    "hint": ""
  },
  "10": {
    "answer": [2],
    "hint": ""
  },
  "11": {
    "answer": [0],
    "hint": ""
  },
  "12": {
    "answer": [0],
    "hint": ""
  },
  "13": {
    "answer": [0],
    "hint": ""
  },
  "14": {
    "answer": [1],
    "hint": ""
  },
  "15": {
    "answer": [1],
    "hint": ""
  },
  "16": {
    "answer": [1],
    "hint": ""
  },
  "17": {
    "answer": [0],
    "hint": ""
  },
  "18": {
    "answer": [1],
    "hint": ""
  },
  "19": {
    "answer": [1],
    "hint": ""
  },
  "20": {
    "answer": [2],
    "hint": ""
  },
  "21": {
    "answer": [3],
    "hint": ""
  },
  "22": {
    "answer": [0],
    "hint": ""
  },
  "23": {
    "answer": [3],
    "hint": ""
  },
  "24": {
    "answer": [2],
    "hint": ""
  },
  "25": {
    "answer": [1],
    "hint": ""
  },
  "26": {
    "answer": [4],
    "hint": ""
  },
  "28": {
    "answer": [2],
    "hint": ""
  },
  "29": {
    "answer": [0],
    "hint": ""
  },
  "30": {
    "answer": [1],
    "hint": "8\\*9=72,4\\*7=28.因此，9\\*6=54."
  },
  "31": {
    "answer": [2],
    "hint": ""
  },
  "32": {
    "answer": [2],
    "hint": ""
  },
  "34": {
    "answer": [3],
    "hint": ""
  },
  "35": {
    "answer": [3],
    "hint": ""
  },
  "36": {
    "answer": [1],
    "hint": ""
  },
  "38": {
    "answer": [3],
    "hint": ""
  },
  "39": {
    "answer": "18, 36, 15",
    "hint": "8\\*3=24,24+3=27,27\\*2=54；6\\*3=18,18+3=21,21\\*2=42."
  },
  "40": {
    "answer": [3],
    "hint": ""
  },
  "42": {
    "answer": [2],
    "hint": "12\\*3=36,16\\*3=48；14\\*3=42,17\\*3=51."
  },
  "44": {
    "answer": [0],
    "hint": ""
  },
  "45": {
    "answer": [2],
    "hint": "2+3=5,5+3=8,8+3=11；4+5=9,9+5=14,14+5=19.因此，13-6=7."
  },
  "46": {
    "answer": [4],
    "hint": ""
  },
  "47": {
    "answer": [1],
    "hint": ""
  },
  "48": {
    "answer": [1],
    "hint": ""
  },
  "51": {
    "answer": [4],
    "hint": "??????"
  },
  "52": {
    "answer": [1],
    "hint": "28-22=6,46+6=52."
  },
  "53": {
    "answer": [1],
    "hint": ""
  },
  "54": {
    "answer": [2],
    "hint": ""
  },
  "56": {
    "answer": [1],
    "hint": "（9+8）-（5+6）=6，（8+3）-（2+1）=8.因此，（6+7）-（4+5）=4."
  },
  "58": {
    "answer": [2],
    "hint": "(3+8+2+7)/ 4=5,(6+4+7+5+8)/5=6.因此，(9+7+8+9+7+8)/6=8."
  },
  "59": {
    "answer": [2],
    "hint": ""
  },
  "60": {
    "answer": [2],
    "hint": ""
  },
  "62": {
    "answer": [1],
    "hint": ""
  },
  "63": {
    "answer": [0],
    "hint": ""
  },
  "64": {
    "answer": [1],
    "hint": ""
  },
  "65": {
    "answer": [6],
    "hint": ""
  },
  "66": {
    "answer": [1],
    "hint": "8\\*3/6=4,9\\*4/6=6.因此，12\\*2/6=4."
  },
  "67": {
    "answer": [3],
    "hint": ""
  },
  "68": {
    "answer": [4],
    "hint": ""
  },
  "69": {
    "answer": [0],
    "hint": "???"
  },
  "70": {
    "answer": [1],
    "hint": "36\\*2=72,14\\*2=28,43\\*2=86."
  },
  "71": {
    "answer": [1],
    "hint": "6 × 4 = 6 + 18, 7 × 3 = 11 + 10, 9 × 2 = 5 + 13, 16 × 4 = 32 + 32。"
  },
  "72": {
    "answer": [2],
    "hint": ""
  },
  "74": {
    "answer": [1],
    "hint": "6+8-9=5."
  },
  "75": {
    "answer": [1],
    "hint": "???"
  },
  "76": {
    "answer": [2],
    "hint": "60lbs is needed to lift the weight. It can be calculated like this:\n\nf = (w x d1)/d2\n\nf = (80 x 9)/12\n\nf = (720)/12\n\nf = 60 lbs"
  },
  "77": {
    "answer": [1],
    "hint": "f = (w1 x d1) + (w1a x d1a)/d2\n\nf = (20 x 10) + (30 x 5)/10\n\nf = (200 + 150)/10\n\nf = 35 lbs"
  },
  "78": {
    "answer": [1],
    "hint": "Weight B requires a force equal to 5 Kg whereas A requires a force equal to 10 Kg."
  },
  "79": {
    "answer": [0],
    "hint": "Weight A requires a force equal to 5 Kg whereas weight B requires a force equal to 10 Kg. Remember to divide the weight by the number of sections of rope supporting it to get the force needed to lift the weight."
  },
  "80": {
    "answer": [2],
    "hint": "The weight is 300 Kg and there are 6 sections of rope supporting it. Divide 300 by 6 to get 50 Kg. In all cases, just divide the weight by the number of sections of rope supporting it to get the force needed to lift the weight"
  },
  "81": {
    "answer": [0],
    "hint": ""
  },
  "82": {
    "answer": [3],
    "hint": ""
  },
  "83": {
    "answer": [3],
    "hint": ""
  },
  "84": {
    "answer": [1],
    "hint": ""
  },
  "85": {
    "answer": [4],
    "hint": ""
  },
  "86": {
    "answer": [2],
    "hint": "The total force will be divided equally between the 2 springs in parallel. Since the force is divided in half, the distance moved will also be halved. The springs in series were compressed 10 cms, so the springs in parallel will be compressed 5 cms"
  },
  "87": {
    "answer": [1],
    "hint": "Two switches need to be closed to complete a circuit."
  },
  "88": {
    "answer": [3],
    "hint": "All 4 bulbs will light up."
  },
  "89": {
    "answer": [1],
    "hint": "Only bulbs 2 and 4 will light up"
  },
  "90": {
    "answer": [1],
    "hint": "Claw hammer"
  },
  "91": {
    "answer": [4],
    "hint": "Ball-peen hammer."
  },
  "92": {
    "answer": [2],
    "hint": "Sledge hammer."
  },
  "93": {
    "answer": [0],
    "hint": "Rubber mallet."
  },
  "94": {
    "answer": [1],
    "hint": "Plane, chisels and tenon saw"
  },
  "95": {
    "answer": [3],
    "hint": "Soldering iron and electrical test meter."
  },
  "96": {
    "answer": [1],
    "hint": "Glass cutter."
  },
  "97": {
    "answer": [2],
    "hint": "Mig welder."
  },
  "98": {
    "answer": [0],
    "hint": ""
  },
  "99": {
    "answer": [2],
    "hint": ""
  },
  "100": {
    "answer": [1],
    "hint": ""
  },
  "101": {
    "answer": [1],
    "hint": ""
  }
}
