{
  "0": {
    "answer": "3",
    "hint": ""
  },
  "1": {
    "answer": "60 km/h",
    "hint": "120km/2h=60km/h"
  },
  "2": {
    "answer": [0],
    "hint": "Sally&gt;Betty and Betty&gt;Jodie"
  },
  "3": {
    "answer": "125",
    "hint": "5m\\*5m\\*5m=125m^3"
  },
  "4": {
    "answer": [1],
    "hint": ""
  },
  "5": {
    "answer": [0],
    "hint": ""
  },
  "6": {
    "answer": [4],
    "hint": ""
  },
  "7": {
    "answer": [3],
    "hint": ""
  },
  "8": {
    "answer": [2],
    "hint": ""
  },
  "9": {
    "answer": [4],
    "hint": ""
  },
  "10": {
    "answer": [1],
    "hint": ""
  },
  "11": {
    "answer": [1],
    "hint": "200\\*1/4\\*1/2\\*1/5=5"
  },
  "12": {
    "answer": [3],
    "hint": ""
  },
  "13": {
    "answer": [0],
    "hint": ""
  },
  "14": {
    "answer": [4],
    "hint": ""
  },
  "15": {
    "answer": [0],
    "hint": ""
  },
  "16": {
    "answer": [1],
    "hint": "function contian(fibs) != toogs;function contian(toogs) != dinms"
  },
  "17": {
    "answer": [0],
    "hint": "function contian(yubbs)!=fims;"
  },
  "18": {
    "answer": "2.5",
    "hint": "1500\\*1/2\\*2/3\\*1/10\\*1/5\\*1/2=2.5;"
  },
  "19": {
    "answer": "30 m/h",
    "hint": "10/(5/60)-30/(20/60)=30;"
  },
  "20": {
    "answer": [1],
    "hint": "y=(3\\*4+20-7)/5;"
  },
  "21": {
    "answer": [1],
    "hint": "function cotain(rubes)=burts; function cotain(burts)=hibs, function cotain(hibs)=fins, function cotain(fins)=gubs is not true, function cotain(gubs) = dops;"
  },
  "22": {
    "answer": "7.5",
    "hint": "500\\*2/5\\*3/4\\*1/2\\*1/10=7.5;"
  },
  "23": {
    "answer": "7.5",
    "hint": "500\\*2/5\\*3/4\\*1/2\\*1/10=7.5;"
  },
  "24": {
    "answer": "29",
    "hint": "3\\*7+8=29;"
  },
  "25": {
    "answer": "265",
    "hint": "3\\*8\\*9+7\\*7=265;"
  },
  "26": {
    "answer": [1],
    "hint": "left=2\\*6+4\\*4=28,right=2\\*12=24;"
  },
  "27": {
    "answer": [0],
    "hint": "tim=5 foot 6;"
  },
  "28": {
    "answer": [1],
    "hint": ""
  },
  "29": {
    "answer": [2],
    "hint": ""
  },
  "30": {
    "answer": [0],
    "hint": ""
  },
  "31": {
    "answer": [0],
    "hint": ""
  },
  "32": {
    "answer": [5],
    "hint": ""
  },
  "33": {
    "answer": [1],
    "hint": ""
  },
  "34": {
    "answer": [0],
    "hint": ""
  },
  "35": {
    "answer": [1],
    "hint": ""
  },
  "36": {
    "answer": [2],
    "hint": ""
  },
  "37": {
    "answer": [1],
    "hint": ""
  },
  "38": {
    "answer": [2],
    "hint": ""
  },
  "39": {
    "answer": [1],
    "hint": ""
  },
  "40": {
    "answer": [3],
    "hint": ""
  },
  "41": {
    "answer": [1],
    "hint": ""
  },
  "42": {
    "answer": [5],
    "hint": ""
  },
  "43": {
    "answer": [5],
    "hint": ""
  },
  "44": {
    "answer": [4],
    "hint": ""
  },
  "45": {
    "answer": [1],
    "hint": "Mensa and its local groups often use the 'M' in unique ways in names of events they host or things that are published to emphasize that they are Mensa related."
  },
  "46": {
    "answer": [1],
    "hint": ""
  },
  "47": {
    "answer": "40 minutes",
    "hint": "(70 \\* 8) / 14"
  },
  "48": {
    "answer": "40 days",
    "hint": "16\\*5/2=40"
  },
  "49": {
    "answer": "1",
    "hint": "average 45 / 9 = 5; second lowest even number = 4"
  },
  "50": {
    "answer": "2 kilograms",
    "hint": "half weight = 1kg (+1kg) = 2kg"
  },
  "51": {
    "answer": "900",
    "hint": "8 / 20 + 11 / 20 = 19 / 20.\n\n45 \\* 20 = 900."
  },
  "52": {
    "answer": "32",
    "hint": "48\\*3-56\\*2=32"
  },
  "53": {
    "answer": "82",
    "hint": "94-3\\*4=82"
  },
  "54": {
    "answer": "Margaret 17, Stuart 12, Jeffrey 32, Brian 25 and Philip 21",
    "hint": "M+S+B+P=29+46=75 J=107-75=32"
  },
  "55": {
    "answer": "Harry 32, Larry 24, Carrie 18",
    "hint": "74/(1+4/3+16/9)=18"
  },
  "56": {
    "answer": "22 min",
    "hint": "Midnight less 22 minutes = 11.38. Less 32 minutes = 11.06. 10 p.m. (22.00) plus 66 minutes (22 \\* 3) = 11.06."
  },
  "57": {
    "answer": "50%",
    "hint": "it is a certainty that at least two coins will land with the same side face up. It is equally likely that these two coins will land heads up as they will land tails upwards. It is immaterial what occurred in the previous toss."
  },
  "58": {
    "answer": "D",
    "hint": ""
  },
  "59": {
    "answer": "43.2",
    "hint": "24/5 \\* 9 = 43.2"
  },
  "60": {
    "answer": "54",
    "hint": "24/4\\*9=54"
  },
  "61": {
    "answer": "H",
    "hint": ""
  },
  "62": {
    "answer": "425",
    "hint": "(68 / 16) \\* 100\n\nReasoning"
  },
  "63": {
    "answer": "two sides to every story",
    "hint": ""
  },
  "64": {
    "answer": "stella",
    "hint": "each name begins with the middle two letters of the previous name"
  },
  "65": {
    "answer": [1],
    "hint": "We use 100% of our brains. Type \"10% of our brains\" into Snopes.com or a search engine to learn more about the 10% myth."
  },
  "66": {
    "answer": [0],
    "hint": ""
  },
  "67": {
    "answer": [1],
    "hint": "The serial killer known as Jack the Ripper was never identified."
  },
  "68": {
    "answer": [0],
    "hint": "Approximately 45-75%, with the variability due mostly to differences in body fat."
  },
  "69": {
    "answer": [0],
    "hint": "It is made from a long wooden tube that is blown into to create a low droning sound."
  },
  "70": {
    "answer": [1],
    "hint": "It was during the Hundred Years' War, which was 1800 years after the Peloponnesian War."
  },
  "71": {
    "answer": [0],
    "hint": "It consisted of a man and woman being bound together naked, exposed in public, and then stabbed, shot, or thrown into a body of water to drown."
  },
  "72": {
    "answer": [0],
    "hint": ""
  },
  "73": {
    "answer": [1],
    "hint": "They have 1 day MORE, 366 days, the extra day being February 29th."
  },
  "74": {
    "answer": [1],
    "hint": "Many vegetarians do eat eggs and dairy products. VEGANS do not."
  },
  "75": {
    "answer": [0],
    "hint": ""
  },
  "76": {
    "answer": [1],
    "hint": "He wears a monocle, not an eyepatch."
  },
  "77": {
    "answer": [0],
    "hint": ""
  },
  "78": {
    "answer": [0],
    "hint": "The program's goals included research and development of a space-based system to defend the nation from attack by strategic ballistic missiles."
  },
  "79": {
    "answer": [0],
    "hint": ""
  },
  "80": {
    "answer": [0],
    "hint": ""
  },
  "81": {
    "answer": [0],
    "hint": ""
  },
  "82": {
    "answer": [1],
    "hint": "The term was used by some followers of the theories of Karl Marx (Marx never used it himself). Marx was influenced by Hegel, but there is no evidence that Hegel used this term."
  },
  "83": {
    "answer": [1],
    "hint": "It is a word used to describe someone who is not very intelligent or interested in culture."
  },
  "84": {
    "answer": [0],
    "hint": ""
  },
  "85": {
    "answer": [1],
    "hint": "Yes, they can. Two characters in the excellent comedy-horror movie Shaun of the Dead popularized this rumor by arguing about it, but there is no truth to it."
  },
  "86": {
    "answer": [0],
    "hint": "Gunpowder was, according to prevailing academic consensus, invented in the 9th century in China."
  },
  "87": {
    "answer": [1],
    "hint": "It means \"terrible lizard\"."
  },
  "88": {
    "answer": [0],
    "hint": "On March 2, 1962, Wilt Chamberlain set the NBA single-game scoring record by tallying 100 points for the Philadelphia Warriors in a 169-147 victory over the New York Knicks."
  },
  "89": {
    "answer": [0],
    "hint": ""
  },
  "90": {
    "answer": [0],
    "hint": ""
  },
  "91": {
    "answer": [0],
    "hint": ""
  },
  "92": {
    "answer": [1],
    "hint": "Van Gogh only sold one painting during his lifetime: The Red Vineyards near Arles. This painting now resides at the Pushkin Museum of Fine Arts in Moscow. The rest of Van Gogh's more than 900 paintings were not sold or made famous until after his death."
  },
  "93": {
    "answer": [1],
    "hint": "Tina Turner was born Anna Mae Bullock on November 26, 1939, in Nutbush, an unincorporated area in Haywood County, Tennessee."
  },
  "94": {
    "answer": [1],
    "hint": "Invented in 1786, the first successful trial run of the steamboat \"Perseverance\" was made on the Delaware River on August 22, 1787, in the presence of delegates from the Constitutional Convention."
  },
  "95": {
    "answer": [0],
    "hint": ""
  },
  "96": {
    "answer": [0],
    "hint": "This was in 1943. The first ex-president to fly in an airplane was Theodore Roosevelt, who flew as a passenger in a 4-minute flight in one of the early Wright biplanes on October 11, 1910, a year after he had left office."
  },
  "97": {
    "answer": [1],
    "hint": "True for all of these except ecstasy."
  },
  "98": {
    "answer": [0],
    "hint": ""
  },
  "99": {
    "answer": [1],
    "hint": "She has sought treatment for bipolar II disorder, but this is a very different condition."
  },
  "100": {
    "answer": [1],
    "hint": "Bulls are color blind. Red capes and the like anger bulls in bullfights due to the flapping motion of the cloth."
  },
  "101": {
    "answer": [1],
    "hint": "Fascinatingly, Alaska is the state that is farthest north, east, and west while Hawaii is farthest south. The reason that Alaska is farthest east and west is due to the fact that the Aleutian Islands cross the 180° meridian of longitude, placing some of the islands actually in the Eastern Hemisphere and thus degrees east of Greenwich (and the Prime Meridian).\n\nHowever, for practical purposes, the easternmost state is Maine, the northernmost and westernmost is Alaska, and the southernmost is Hawaii."
  },
  "102": {
    "answer": [1],
    "hint": "The Necronomicon is a fictional grimoire appearing in the stories by horror writer H. P. Lovecraft and his followers."
  },
  "103": {
    "answer": [0],
    "hint": "The word turducken is a portmanteau of turkey, duck, and chicken. The dish is a form of engastration, which is a recipe method in which one animal is stuffed inside the gastric passage of another."
  },
  "104": {
    "answer": [1],
    "hint": "Function reference(http://dictionary.reference.com/browse/snollygoster)\n\nA snollygoster is a clever, unscrupulous person."
  },
  "105": {
    "answer": [0],
    "hint": "Reference: http://en.wikipedia.org/wiki/Ossuary"
  },
  "106": {
    "answer": [1],
    "hint": "\"Spaghetti Western, also known as Italian Western, is a broad sub-genre of Western films that emerged in the mid-1960s in the wake of Sergio Leone's film-making style and international box-office success. The term was used by critics in USA and other countries because most of these Westerns were produced and directed by Italians. According to actor Aldo Sambrell, the phrase 'Spaghetti Western' was coined by Italian journalist Alfonso Sancha.\" Source: http://en.wikipedia.org/wiki/Spaghetti\\_western"
  },
  "107": {
    "answer": [0],
    "hint": "Reference: http://en.wikipedia.org/wiki/Pound\\_cake"
  },
  "108": {
    "answer": [1],
    "hint": "It is a brilliant scarlet red.\n\nReference: http://dictionary.reference.com/browse/vermillion"
  },
  "109": {
    "answer": [0],
    "hint": "Reference: http://en.wikipedia.org/wiki/Death\\_&\\_Taxes"
  },
  "110": {
    "answer": [0],
    "hint": "Reference: http://en.wikipedia.org/wiki/Sylvester\\_Stallone\n\nPersonal note from your Webmaster: Stallone is awesome!"
  },
  "111": {
    "answer": [1],
    "hint": "Frewer had nothing to do with the intrustions, and the primary individual involved was wearing a Max Headroom mask. The intrustions otherwise had nothing to do with Max Headroom and certainly not Frewer. The individuals responsible have never been found or identified.\n\nReference: http://en.wikipedia.org/wiki/Max\\_Headroom\\_broadcast\\_signal\\_intrusion"
  },
  "112": {
    "answer": [1],
    "hint": "It sank due to hitting an iceberg. Reference: http://en.wikipedia.org/wiki/Titanic"
  },
  "113": {
    "answer": [1],
    "hint": "This one was a bit of trick question, as it was the Hindenburg Disaster, not the Heisenberg, which sounds somewhat similar. Hindenburg was the name of the airship. Heisenberg was a famous physicist noted for his uncertainty principle. While in fact it is uncertain what caused the Hindenburg Disaster, the final sentence in the problem was a hint that the incorrect name for the disaster was being used in the problem. But if you missed this one, definitely don't feel bad, as this was a tricky question as mentioned. We have to keep you guys on your toes! References:\n\nhttp://en.wikipedia.org/wiki/Hindenburg\\_disaster\n\nhttp://en.wikipedia.org/wiki/Werner\\_Heisenberg"
  },
  "114": {
    "answer": [1],
    "hint": "He is believed to be a Loa (spirit) of Haitian Voodoo. He is not believed to have been an actual person. Reference: http://en.wikipedia.org/wiki/Baron\\_Samedi"
  },
  "115": {
    "answer": [1],
    "hint": "Coleridge had just read a work describing Xanadu (an actual place), the summer palace of the Mongol ruler and Emperor of China Kublai Khan (an actual person).\n\nReference: http://en.wikipedia.org/wiki/Kubla\\_Khan"
  },
  "116": {
    "answer": [1],
    "hint": "NO WAY! It has never been remade even once (so far). Reference:\n\nhttp://www.imdb.com/list/gtG-dO7tYAw/"
  },
  "117": {
    "answer": [1],
    "hint": "It was only 6 cents. Reference:\n\n<http://about.usps.com/who-we-are/postal-history/domestic-letter-rates-since-1863.htm>"
  },
  "118": {
    "answer": [0],
    "hint": "Reference: http://en.wikipedia.org/wiki/Jimi\\_hendrix"
  },
  "119": {
    "answer": [0],
    "hint": "References:\n\nhttp://en.wikipedia.org/wiki/Jarvik\\_Heart\n\nhttp://en.wikipedia.org/wiki/Robert\\_Jarvik\n\nhttp://en.wikipedia.org/wiki/Marilyn\\_vos\\_Savant"
  },
  "120": {
    "answer": [0],
    "hint": "References:\n\nhttp://en.wikipedia.org/wiki/Alfred\\_Nobel\n\nhttp://en.wikipedia.org/wiki/Nobel\\_Prize"
  },
  "121": {
    "answer": [1],
    "hint": "Not Pulitzers, but they have won Academy Awards."
  },
  "122": {
    "answer": [1],
    "hint": "It's Mercury:\n\nhttp://en.wikipedia.org/wiki/Mercury\\_(planet)"
  },
  "123": {
    "answer": [1],
    "hint": "Iago is one of Shakespeare's most sinister villains, and not a heroic character. Reference:\n\n<http://en.wikipedia.org/wiki/Iago>"
  },
  "124": {
    "answer": [1],
    "hint": "It is expanding."
  },
  "125": {
    "answer": [0],
    "hint": ""
  },
  "126": {
    "answer": [0],
    "hint": "He was the first person appointed to the Vice Presidency under the terms of the 25th Amendment, after Spiro Agnew had resigned. He became president upon Richard Nixon's resignation on August 9, 1974"
  },
  "127": {
    "answer": [1],
    "hint": "It was published in 1949."
  },
  "128": {
    "answer": [0],
    "hint": "It is a dense, silvery-gray metal which readily reacts with oxygen, water vapor and inorganic acids."
  },
  "129": {
    "answer": [0],
    "hint": ""
  },
  "130": {
    "answer": [0],
    "hint": "Work on the translation began in 1604 and was completed in 1611."
  },
  "131": {
    "answer": [1],
    "hint": "As of July, 2013 they have still never been found, although the FBI was actively searching for them as recently as June, 2013. Hoffa was last seen outside of a suburban Detroit restaurant on July 30, 1975, where he believed he was to meet with two Mafia leaders. His disappearance has given rise to many theories as to what happened to him and where his body was hidden."
  },
  "132": {
    "answer": [0],
    "hint": ""
  },
  "133": {
    "answer": [1],
    "hint": "This is a common urban legend that has been shown to be false."
  },
  "134": {
    "answer": [0],
    "hint": ""
  },
  "135": {
    "answer": [1],
    "hint": "It was not ergotism, and was caused by prolonged exposure to mercury vapours."
  },
  "136": {
    "answer": [1],
    "hint": "The \"T\" was not stated to be Tiberius until the 1991 movie Star Trek VI: The Undiscovered Country."
  },
  "137": {
    "answer": [0],
    "hint": ""
  },
  "138": {
    "answer": [1],
    "hint": "It is the saltwater crocodile."
  },
  "139": {
    "answer": [1],
    "hint": "Those are his friends Athos, Porthos, and Aramis."
  },
  "140": {
    "answer": [1],
    "hint": "It is named for Mary Harris \"Mother\" Jones (1837-1930), who helped coordinate major strikes and cofounded the Industrial Workers of the World. As a side note, John Paul Jones's real name is John Baldwin."
  },
  "141": {
    "answer": [0],
    "hint": "It was used in many movies, including The Wasp Woman and Psycho."
  },
  "142": {
    "answer": [0],
    "hint": ""
  },
  "143": {
    "answer": [0],
    "hint": ""
  },
  "144": {
    "answer": [3],
    "hint": ""
  },
  "145": {
    "answer": [2],
    "hint": ""
  },
  "146": {
    "answer": [2],
    "hint": ""
  },
  "147": {
    "answer": [2],
    "hint": ""
  },
  "148": {
    "answer": [1],
    "hint": ""
  },
  "149": {
    "answer": [0],
    "hint": ""
  },
  "150": {
    "answer": [1],
    "hint": ""
  },
  "151": {
    "answer": [0],
    "hint": ""
  },
  "152": {
    "answer": [0],
    "hint": ""
  },
  "153": {
    "answer": [0],
    "hint": ""
  },
  "154": {
    "answer": [1],
    "hint": "A dozen is 12, and a score is 20."
  },
  "155": {
    "answer": [0],
    "hint": ""
  },
  "156": {
    "answer": [1],
    "hint": "It would be 87 years ago."
  },
  "157": {
    "answer": [1],
    "hint": "A spelunker is a cave explorer"
  },
  "158": {
    "answer": [1],
    "hint": "\"Nothing is as obnoxious as other people's luck."
  },
  "159": {
    "answer": [4],
    "hint": "(1/2 x 96)/32 x (1/3 x 72)/X\n48/32 = 24/X\n3/2 = 24/X\n3X = 48\nX = 16"
  },
  "160": {
    "answer": [3],
    "hint": ""
  },
  "161": {
    "answer": [3],
    "hint": ""
  },
  "162": {
    "answer": [0],
    "hint": ""
  },
  "163": {
    "answer": [3],
    "hint": "a salesperson requires persuasiveness."
  },
  "164": {
    "answer": [4],
    "hint": "a gladiator is a sword wielded with two edges."
  },
  "165": {
    "answer": [3],
    "hint": ""
  },
  "166": {
    "answer": [1],
    "hint": ""
  },
  "167": {
    "answer": "2 kilogram",
    "hint": "half weight = 1kg+1kg"
  },
  "168": {
    "answer": "Stella",
    "hint": "each name begins with the middle two letters of the previous name."
  },
  "169": {
    "answer": "13 minutes",
    "hint": "(11.47): 11.47 less 68 minutes = 10.39. 10 a.m. Plus 39 minutes (3\\*13) = 10.39"
  },
  "170": {
    "answer": "Jack 9, Jill 3",
    "hint": "in 3 years’ time Jack will be 12 and Jill will be 6"
  },
  "171": {
    "answer": "Al 24, Sal 36, Mal 54",
    "hint": ""
  },
  "172": {
    "answer": "23 units and 12 units",
    "hint": "23 \\*12 = 276; (23+ 12)\\*2 = 70."
  },
  "173": {
    "answer": "350",
    "hint": "250\\*1.4=350"
  },
  "174": {
    "answer": "$214.20",
    "hint": ""
  },
  "175": {
    "answer": "9",
    "hint": "19\\* 3 = 57 (total of three numbers); 24\\*2 = 48 (total of two numbers); the third number is therefore 57-48 = 9."
  },
  "176": {
    "answer": "$3.64",
    "hint": "$5.76/12 = 0.48; individually, 0.48+0.04 = 0.52, and 0.52\\*7 = $3.64"
  },
  "177": {
    "answer": "apples 1000, oranges 1500, plums 2000",
    "hint": "1 part = 500: 4500 / (2+ 3+4); apples 1000, oranges 1500, plums 2000."
  },
  "178": {
    "answer": "50%",
    "hint": "it is a certainty that at least two coins will fall with the same side up. Thus it is just as likely that these two coins will be tails as it is they will be heads."
  },
  "179": {
    "answer": [2],
    "hint": "500 cl = 5 l, 200 divided by 5 = 40"
  },
  "180": {
    "answer": [2],
    "hint": "180/2,000 \\* 100 = 9"
  },
  "181": {
    "answer": [1],
    "hint": "loses £480 a year \\* 3 = £1,440 deduct this from the original cost"
  },
  "182": {
    "answer": [0],
    "hint": "365 - 73 = 292 days it will not rain, on 73 it will, therefore odds of 292:73 which simplifies to 4:1"
  },
  "183": {
    "answer": [0],
    "hint": "1/2 \\* 1/2 = 1/4"
  },
  "184": {
    "answer": [2],
    "hint": "this is an analogous question to asking, ‘What is the probably of getting all tails?’, 1/2 \\* 1/2 \\* 1/2 = 1/8, only here we want the opposite, ie this not happening, therefore 1 -1/8 = 7/8"
  },
  "185": {
    "answer": [0],
    "hint": "Let the length of each train be x metres. Then, distance covered = 2x metres. Relative speed = (46 - 36) km/hr=(25/9)m/sec 2x/36 = 25/9 x= 50"
  },
  "186": {
    "answer": [2],
    "hint": "Relative speed = (60+ 90) km/hr = 125/3 m/sec Distance covered = (1.10 + 0.9) km = 2 km = 2000 m. Required time =(2000 \\* 3/125)sec = 48 sec"
  },
  "187": {
    "answer": [0],
    "hint": "Relative speed = (120 + 80) km/hr = 500/9 m/sec. Let the length of the other train be x metres then (x+270)/9 = 500/9 x=230"
  },
  "188": {
    "answer": [1],
    "hint": "Total distance covered =(7/2+1/4 )miles = 15/4 Time taken=(15/(4\\*75))hrs = 3min"
  },
  "189": {
    "answer": [2],
    "hint": "Speed =(78 x5/18)m/sec =(65/3) m/sec. Time = 1 minute = 60 seconds. Let the length of the tunnel be x metres Then, (800 + x) /60= 65/3"
  },
  "190": {
    "answer": [1],
    "hint": "Let the length of the train be x metres and its speed by y m/sec.\n\nThen, x/y = 15 =&gt; y =x/15 .(x + 100) /25= x/15\n\n=&gt; 15(x + 100) = 25x\n\n=&gt; 15x + 1500 = 25x\n\n=&gt; 1500 = 10x\n\n=&gt; x = 150 m."
  },
  "191": {
    "answer": [1],
    "hint": "Speed of the train relative to man = (63 - 3) km/hr = 60 km/hr =50/3 m/sec\n\nTime taken to pass the man=(500 x 3/50)sec = 30sec"
  },
  "192": {
    "answer": [1],
    "hint": "Relative speed = = (45 + 30) km/hr = = (125/6)m/sec. We have to find the time taken by the slower train to pass the DRIVER of the faster train and not the complete train.\n\nSo, distance covered = Length of the slower train. Therefore, Distance covered = 500 m\n\nRequired time = (500 x6/125) = 24 sec"
  },
  "193": {
    "answer": [1],
    "hint": "2 kmph = (2 x 5/18)m/sec = 5/9m/sec.\n\n4 kmph = (4 x 5/18)m/sec = 10/9 m/sec.\n\nLet the length of the train be x metres and its speed by y m/sec.\n\nThen, (x/(y-5/9) )= 9 and (x/(y-10/9)) = 10.\n\nTherefore 9y - 5 = x and 10(9y - 10) = 9x\n\n=&gt; 9y - x = 5 and 90y - 9x= 100.\n\nOn solving, we get: x = 50.\n\nTherefore Length of the train is 50 m"
  },
  "194": {
    "answer": [3],
    "hint": ".5 km/hr = (4.5 x5/18)m/sec = 5/4 m/sec = 1.25 m/sec, and\n\n5.4 km/hr = (5.4 x5/18)m/sec = 3/2 m/sec = 1.5 m/sec.\n\nLet the speed of the train be x m/sec.\n\nThen, (x - 1.25) x 8.4 = (x - 1.5) x 8.5\n\nX=22.5\n\nSpeed of the train = (22.5 x18/5)km/hr = 81 km/hr"
  },
  "195": {
    "answer": [1],
    "hint": "Let us name the trains as A and B. Then,\n\n(A's speed) : (B's speed) = 4 : 3."
  }
}
