[
  {
    "stem": "A chain is passed around four wheels, 1, 2, 3 and 4, so that the large wheel, 2, moves clockwise. Which of the wheels turns anti-clockwise?\n\n![](logic-diagram-public/media/image1.png)",
    "options": ["1", "2", "3", "4"],
    "category": "logic-dynamics",
    "id": 0
  },
  {
    "stem": "Which ball is heaviest?\n\n![](logic-diagram-public/media/image2.png)",
    "options": [
      "All weigh the same",
      "L is heaviest",
      "cannot say",
      "J is heaviest"
    ],
    "category": "logic-dynamics",
    "id": 1
  },
  {
    "stem": "Three rubber wheels, A, B and C are touching so that if one moves the others must also move. If wheel A turns clockwise, which way will wheel C turn?\n\n![](logic-diagram-public/media/image3.png)",
    "options": [
      "anti-clockwise",
      "all the same way",
      "clockwise",
      "none will turn"
    ],
    "category": "logic-dynamics",
    "id": 2
  },
  {
    "stem": "A section through a dam is shown. At which point is the dam strongest?\n\n![](logic-diagram-public/media/image4.png)",
    "options": ["At point A", "At point B", "At point C", "All equally"],
    "category": "logic-dynamics",
    "id": 3
  },
  {
    "stem": "In the same dam, at which point is the water coldest?\n\n![](logic-diagram-public/media/image4.png)",
    "options": ["At point A", "At point B", "At point C", "All equally"],
    "category": "logic-dynamics",
    "id": 4
  },
  {
    "stem": "The beam is twice as thick at one end as the other. At what point can it be placed on the wall, and at a right angle to the wall, so that it balances?\n\n![](logic-diagram-public/media/image6.png)",
    "options": ["point A", "point B", "point C", "needs support at both ends"],
    "category": "logic-dynamics",
    "id": 5
  },
  {
    "stem": "When rays of light hit a lens, in which direction do they continue?\n\n![](logic-diagram-public/media/image7.png)",
    "options": ["A", "B", "C", "D"],
    "category": "logic-dynamics",
    "id": 6
  },
  {
    "stem": "A band passes around all the wheels so that they can all be turned by the driving wheel. When the driving wheel turns clockwise, which way does wheel W turn?\n\n![](logic-diagram-public/media/image8.png)",
    "options": ["clockwise", "cannot move", "anti-clockwise", "either way"],
    "category": "logic-dynamics",
    "id": 7
  },
  {
    "stem": "The drawing shows a cross-section of a wall, with a shelf upright against it. By means of a hinge, the shelf can be folded upright against the wall. It can be let down to the horizontal, being held at point H by a rope, which is suspended from a hook, A, B or C. When the shelf is let down and supported by the rope, which hook is least likely to be pulled out of the wall?\n\n![](logic-diagram-public/media/image9.png)",
    "options": ["A", "B", "C", "all the same"],
    "category": "logic-dynamics",
    "id": 8
  },
  {
    "stem": "If the three iron bars are all the same length, which one will support the greatest weight?",
    "options": [
      "![](logic-diagram-public/media/image10C.png)",
      "![](logic-diagram-public/media/image10B.png)",
      "![](logic-diagram-public/media/image10A.png)"
    ],
    "category": "logic-dynamics",
    "id": 9
  },
  {
    "stem": "Three racing cars travel at equal speed round the built-up curve of a bend. Which car is most likely to slip?\n\n![](logic-diagram-public/media/image11.png)",
    "options": ["1", "2", "3", "all the same"],
    "category": "logic-dynamics",
    "id": 10
  },
  {
    "stem": "If three racing cars are level with each other, side by side as they go into the bend, and all are also level as they come out of the bend, which car is travelling fastest?\n\n![](logic-diagram-public/media/image11.png)",
    "options": ["1", "2", "3", "all the same"],
    "category": "logic-dynamics",
    "id": 11
  },
  {
    "stem": "This old fashioned ‘grandfather clock’ pendulum and weight are made of iron. To keep correct time, in which direction might the weight need to be adjusted in Summer?\n\n![](logic-diagram-public/media/image12.png)",
    "options": ["upwards", "will not need adjustment", "downwards"],
    "category": "logic-dynamics",
    "id": 12
  },
  {
    "stem": "To lever up the large, heavy weight with the least effort, by pushing down in the direction of the arrow, at which point under the beam should the block be placed?\n\n![](logic-diagram-public/media/image13.png)",
    "options": ["1", "2", "3", "makes no difference"],
    "category": "logic-dynamics",
    "id": 13
  },
  {
    "stem": "A heavy metal bar is fixed inside a cardboard tube. When the tube is placed on a slope, as shown, which direction will the tube roll?\n\n![](logic-diagram-public/media/image14.png)",
    "options": ["down the slope", "Up the slope", "stay still"],
    "category": "logic-dynamics",
    "id": 14
  },
  {
    "stem": "When the driving wheel 1 turns in the direction shown, wheel 2 turns…\n\n![](logic-diagram-public/media/image15.png)",
    "options": ["anti-clockwise?", "clockwise?", "system jams?"],
    "category": "logic-dynamics",
    "id": 15
  },
  {
    "stem": "Assuming that the belt and wheels did not jam, which wheel would turn fastest?\n\n![](logic-diagram-public/media/image16.png)",
    "options": ["1", "2", "3", "4", "5", "6"],
    "category": "logic-dynamics",
    "id": 16
  },
  {
    "stem": "Two cars, A and B, one travelling from the North, N, due south, S, and the other from the west, W, due east, E, collide at point P. They come to rest in the region of south east, as shown. If the slower car was travelling exactly at the speed limit, which car was probably breaking the speed limit?\n\n![](logic-diagram-public/media/image17.png)",
    "options": [
      "![](logic-diagram-public/media/image17B.png)",
      "![](logic-diagram-public/media/image17A.png)",
      "![](logic-diagram-public/media/image17C.png)",
      "cannot say"
    ],
    "category": "logic-dynamics",
    "id": 17
  },
  {
    "stem": "The ladders, 1 and 2, and the walls are viewed from the side. Which ladder is safer when climbed?\n\n![](logic-diagram-public/media/image18.png)",
    "options": ["1", "2", "both the same"],
    "category": "logic-dynamics",
    "id": 18
  },
  {
    "stem": "When the spacecraft is not affected by the Earth’s gravity, and the thrust of the rocket is zero, the astronaut will:\n\n![](logic-diagram-public/media/image19.png)",
    "options": [
      "fall to side 1",
      "stay where he is at side 2",
      "be thrust towards the nose at 3"
    ],
    "category": "logic-dynamics",
    "id": 19
  },
  {
    "stem": "In a hot-water cylinder, from which outlet should hot water be taken?\n\n![](logic-diagram-public/media/image20.png)",
    "options": ["1", "2", "3", "4", "5", "does not matter"],
    "category": "logic-dynamics",
    "id": 20
  },
  {
    "stem": "In space, when the stationary vehicle accelerates, the spaceman will\n\n![](logic-diagram-public/media/image21.png)",
    "options": [
      "be thrust towards the nose at 3",
      "fall down towards side 1",
      "float upwards, due to weightlessness, towards 2",
      "fall on his head on the floor at side 4"
    ],
    "category": "logic-dynamics",
    "id": 21
  },
  {
    "stem": "When wheel 1 turns clockwise, which way does wheel 4 turn?\n\n![](logic-diagram-public/media/image22.png)",
    "options": ["clockwise", "anti-clockwise", "system jams"],
    "category": "logic-dynamics",
    "id": 22
  },
  {
    "stem": "In which direction does a steel ball continue after impact on a rigid, heavy steel block?\n\n![](logic-diagram-public/media/image23.png)",
    "options": ["1", "2", "3", "4"],
    "category": "logic-dynamics",
    "id": 23
  },
  {
    "stem": "In which direction will ball 3 move when ball 1 is struck as shown?\n\n![](logic-diagram-public/media/image24.png)",
    "options": ["A", "B", "C", "D", "3 stays where it is"],
    "category": "logic-dynamics",
    "id": 24
  },
  {
    "stem": "Which way will helical gear H turn when helical gear M turns as shown?\n\n![](logic-diagram-public/media/image25.png)",
    "options": ["A", "B", "either way"],
    "category": "logic-dynamics",
    "id": 25
  },
  {
    "stem": "![](logic-diagram-public/media/image26.png)",
    "options": [
      "![](logic-diagram-public/media/image26A.png)",
      "![](logic-diagram-public/media/image26B.png)",
      "![](logic-diagram-public/media/image26C.png)",
      "![](logic-diagram-public/media/image26D.png)",
      "![](logic-diagram-public/media/image26E.png)"
    ],
    "category": "logic",
    "id": 26
  },
  {
    "stem": "Which is the missing section?\n\n![](logic-diagram-public/media/image28.png)",
    "options": [
      "![](logic-diagram-public/media/image29D.png)",
      "![](logic-diagram-public/media/image29C.png)",
      "![](logic-diagram-public/media/image29B.png)",
      "![](logic-diagram-public/media/image29A.png)"
    ],
    "category": "logic",
    "id": 28
  },
  {
    "stem": "Which shield should replace the question mark?\n\n![](logic-diagram-public/media/image30.png)",
    "options": [
      "![](logic-diagram-public/media/image31E.png)",
      "![](logic-diagram-public/media/image31D.png)",
      "![](logic-diagram-public/media/image31C.png)",
      "![](logic-diagram-public/media/image31B.png)",
      "![](logic-diagram-public/media/image31A.png)"
    ],
    "category": "logic",
    "id": 29
  },
  {
    "stem": "What number should replace the question mark?\n\n![](logic-diagram-public/media/image32.png)",
    "options": ["3", "4", "5", "6"],
    "category": "logic",
    "id": 30
  },
  {
    "stem": "Which is the missing tile?\n\n![](logic-diagram-public/media/image33.png)",
    "options": [
      "![](logic-diagram-public/media/image34E.png)",
      "![](logic-diagram-public/media/image34D.png)",
      "![](logic-diagram-public/media/image34C.png)",
      "![](logic-diagram-public/media/image34B.png)",
      "![](logic-diagram-public/media/image34A.png)"
    ],
    "category": "logic",
    "id": 31
  },
  {
    "stem": "Which circle below should be placed in the large circle above?\n\n![](logic-diagram-public/media/image35.png)",
    "options": [
      "![](logic-diagram-public/media/image36E.png)",
      "![](logic-diagram-public/media/image36D.png)",
      "![](logic-diagram-public/media/image36C.png)",
      "![](logic-diagram-public/media/image36B.png)",
      "![](logic-diagram-public/media/image36A.png)"
    ],
    "category": "logic",
    "id": 32
  },
  {
    "stem": "Which is the missing box?\n\n![](logic-diagram-public/media/image38.png)",
    "options": [
      "![](logic-diagram-public/media/image39F.png)",
      "![](logic-diagram-public/media/image39E.png)",
      "![](logic-diagram-public/media/image39D.png)",
      "![](logic-diagram-public/media/image39C.png)",
      "![](logic-diagram-public/media/image39B.png)",
      "![](logic-diagram-public/media/image39A.png)"
    ],
    "category": "logic",
    "id": 34
  },
  {
    "stem": "What comes next?\n\n![](logic-diagram-public/media/image40.png)",
    "options": [
      "![](logic-diagram-public/media/image41F.png)",
      "![](logic-diagram-public/media/image41E.png)",
      "![](logic-diagram-public/media/image41D.png)",
      "![](logic-diagram-public/media/image41C.png)",
      "![](logic-diagram-public/media/image41B.png)",
      "![](logic-diagram-public/media/image41A.png)"
    ],
    "category": "logic",
    "id": 35
  },
  {
    "stem": "What number should replace the question mark?\n\n![](logic-diagram-public/media/image42.png)",
    "options": ["45", "55", "54"],
    "category": "logic",
    "id": 36
  },
  {
    "stem": "Which is the missing tile?\n\n![](logic-diagram-public/media/image44.png)",
    "options": [
      "![](logic-diagram-public/media/image45F.png)",
      "![](logic-diagram-public/media/image45E.png)",
      "![](logic-diagram-public/media/image45D.png)",
      "![](logic-diagram-public/media/image45C.png)",
      "![](logic-diagram-public/media/image45B.png)",
      "![](logic-diagram-public/media/image45A.png)"
    ],
    "category": "logic",
    "id": 38
  },
  {
    "stem": "What numbers should replace the question marks?\n\n![](logic-diagram-public/media/image46.png)",
    "options": [],
    "category": "logic",
    "id": 39
  },
  {
    "stem": "What comes next?\n\n![](logic-diagram-public/media/image47.png)",
    "options": [
      "![](logic-diagram-public/media/image48E.png)",
      "![](logic-diagram-public/media/image48D.png)",
      "![](logic-diagram-public/media/image48C.png)",
      "![](logic-diagram-public/media/image48B.png)",
      "![](logic-diagram-public/media/image48A.png)"
    ],
    "category": "logic",
    "id": 40
  },
  {
    "stem": "What number should replace the question mark?\n\n![](logic-diagram-public/media/image50.png)",
    "options": ["13，14", "14，15", "14，17"],
    "category": "logic",
    "id": 42
  },
  {
    "stem": "Which is the odd one out?",
    "options": [
      "![](logic-diagram-public/media/image52E.png)",
      "![](logic-diagram-public/media/image52D.png)",
      "![](logic-diagram-public/media/image52C.png)",
      "![](logic-diagram-public/media/image52B.png)",
      "![](logic-diagram-public/media/image52A.png)"
    ],
    "category": "logic",
    "id": 44
  },
  {
    "stem": "What number should replace the question mark?\n\n![](logic-diagram-public/media/image53.png)",
    "options": ["15", "11", "7"],
    "category": "logic",
    "id": 45
  },
  {
    "stem": "Which is the missing tile?\n\n![](logic-diagram-public/media/image54.png)",
    "options": [
      "![](logic-diagram-public/media/image55F.png)",
      "![](logic-diagram-public/media/image55E.png)",
      "![](logic-diagram-public/media/image55D.png)",
      "![](logic-diagram-public/media/image55C.png)",
      "![](logic-diagram-public/media/image55B.png)",
      "![](logic-diagram-public/media/image55A.png)"
    ],
    "category": "logic",
    "id": 46
  },
  {
    "stem": "What comes next in the above sequence?\n\n![](logic-diagram-public/media/image56.png)",
    "options": [
      "![](logic-diagram-public/media/image57E.png)",
      "![](logic-diagram-public/media/image57D.png)",
      "![](logic-diagram-public/media/image57C.png)",
      "![](logic-diagram-public/media/image57B.png)",
      "![](logic-diagram-public/media/image57A.png)"
    ],
    "category": "logic",
    "id": 47
  },
  {
    "stem": "Which is the missing section?\n\n![](logic-diagram-public/media/image58.png)",
    "options": [
      "![](logic-diagram-public/media/image59D.png)",
      "![](logic-diagram-public/media/image59C.png)",
      "![](logic-diagram-public/media/image59B.png)",
      "![](logic-diagram-public/media/image59A.png)"
    ],
    "category": "logic",
    "id": 48
  },
  {
    "stem": "What comes next?\n\n![](logic-diagram-public/media/image63.png)",
    "options": [
      "![](logic-diagram-public/media/image64E.png)",
      "![](logic-diagram-public/media/image64D.png)",
      "![](logic-diagram-public/media/image64C.png)",
      "![](logic-diagram-public/media/image64B.png)",
      "![](logic-diagram-public/media/image64A.png)"
    ],
    "category": "logic",
    "id": 51
  },
  {
    "stem": "What number should replace the question mark?\n\n![](logic-diagram-public/media/image65.png)",
    "options": ["50", "52", "54", "56"],
    "category": "logic",
    "id": 52
  },
  {
    "stem": "Which is the missing tile?\n\n![](logic-diagram-public/media/image66.png)",
    "options": [
      "![](logic-diagram-public/media/image67E.png)",
      "![](logic-diagram-public/media/image67D.png)",
      "![](logic-diagram-public/media/image67C.png)",
      "![](logic-diagram-public/media/image67B.png)",
      "![](logic-diagram-public/media/image67A.png)"
    ],
    "category": "logic",
    "id": 53
  },
  {
    "stem": "Which is the odd one out?",
    "options": [
      "![](logic-diagram-public/media/image68F.png)",
      "![](logic-diagram-public/media/image68E.png)",
      "![](logic-diagram-public/media/image68C.png)",
      "![](logic-diagram-public/media/image68B.png)",
      "![](logic-diagram-public/media/image68A.png)"
    ],
    "category": "logic",
    "id": 54
  },
  {
    "stem": "What number should replace the question mark?\n\n![](logic-diagram-public/media/image70.png)",
    "options": ["3", "4", "5", "6"],
    "category": "logic",
    "id": 56
  },
  {
    "stem": "What number should replace the question mark?\n\n![](logic-diagram-public/media/image72.png)",
    "options": ["6", "7", "8", "9"],
    "category": "logic",
    "id": 58
  },
  {
    "stem": "Which shield below has most in common with the shield above?\n\n![](logic-diagram-public/media/image73.png)",
    "options": [
      "![](logic-diagram-public/media/image74E.png)",
      "![](logic-diagram-public/media/image74D.png)",
      "![](logic-diagram-public/media/image74C.png)",
      "![](logic-diagram-public/media/image74B.png)",
      "![](logic-diagram-public/media/image74A.png)"
    ],
    "category": "logic",
    "id": 59
  },
  {
    "stem": "What comes next?\n\n![](logic-diagram-public/media/image75.png)",
    "options": [
      "![](logic-diagram-public/media/image76E.png)",
      "![](logic-diagram-public/media/image76D.png)",
      "![](logic-diagram-public/media/image76C.png)",
      "![](logic-diagram-public/media/image76B.png)",
      "![](logic-diagram-public/media/image76A.png)"
    ],
    "category": "logic",
    "id": 60
  },
  {
    "stem": "What number should replace the question mark?\n\n![](logic-diagram-public/media/image78.png)",
    "options": ["5", "6", "7", "8"],
    "category": "logic",
    "id": 62
  },
  {
    "stem": "What comes next?\n\n![](logic-diagram-public/media/image79.png)",
    "options": [
      "![](logic-diagram-public/media/image80E.png)",
      "![](logic-diagram-public/media/image80D.png)",
      "![](logic-diagram-public/media/image80C.png)",
      "![](logic-diagram-public/media/image80B.png)",
      "![](logic-diagram-public/media/image80A.png)"
    ],
    "category": "logic",
    "id": 63
  },
  {
    "stem": "What number should replace the question mark?\n\n![](logic-diagram-public/media/image81.png)",
    "options": ["1", "2", "3", "4"],
    "category": "logic",
    "id": 64
  },
  {
    "stem": "Which is the missing tile?\n\n![](logic-diagram-public/media/image82.png)",
    "options": [
      "![](logic-diagram-public/media/image83H.png)",
      "![](logic-diagram-public/media/image83G.png)",
      "![](logic-diagram-public/media/image83F.png)",
      "![](logic-diagram-public/media/image83E.png)",
      "![](logic-diagram-public/media/image83D.png)",
      "![](logic-diagram-public/media/image83C.png)",
      "![](logic-diagram-public/media/image83B.png)",
      "![](logic-diagram-public/media/image83A.png)"
    ],
    "category": "logic",
    "id": 65
  },
  {
    "stem": "Look at lines both across and down and work out which number should replace the question mark?\n\n![](logic-diagram-public/media/image84.png)",
    "options": ["3", "4", "5", "6"],
    "category": "logic",
    "id": 66
  },
  {
    "stem": "Which is the missing tile?\n\n![](logic-diagram-public/media/image85.png)\n\n![](logic-diagram-public/media/image86.png)",
    "options": ["A", "B", "C", "D", "E"],
    "category": "logic",
    "id": 67
  },
  {
    "stem": "Which circle should replace the question mark?\n\n![](logic-diagram-public/media/image87.png)",
    "options": [
      "![](logic-diagram-public/media/image88E.png)",
      "![](logic-diagram-public/media/image88D.png)",
      "![](logic-diagram-public/media/image88C.png)",
      "![](logic-diagram-public/media/image88B.png)",
      "![](logic-diagram-public/media/image88A.png)"
    ],
    "category": "logic",
    "id": 68
  },
  {
    "stem": "What comes next?\n\n![](logic-diagram-public/media/image89.png)",
    "options": [
      "![](logic-diagram-public/media/image90E.png)",
      "![](logic-diagram-public/media/image90D.png)",
      "![](logic-diagram-public/media/image90C.png)",
      "![](logic-diagram-public/media/image90B.png)",
      "![](logic-diagram-public/media/image90A.png)"
    ],
    "category": "logic",
    "id": 69
  },
  {
    "stem": "What number should replace the question mark?\n\n![](logic-diagram-public/media/image91.png)",
    "options": ["5", "6", "7", "8"],
    "category": "logic",
    "id": 70
  },
  {
    "stem": "What number should replace the question mark?\n\n![](logic-diagram-public/media/image92.png)",
    "options": ["30", "32", "34", "36"],
    "category": "logic",
    "id": 71
  },
  {
    "stem": "Which is the missing section?\n\n![](logic-diagram-public/media/image93.png)",
    "options": [
      "![](logic-diagram-public/media/image94D.png)",
      "![](logic-diagram-public/media/image94C.png)",
      "![](logic-diagram-public/media/image94B.png)",
      "![](logic-diagram-public/media/image94A.png)"
    ],
    "category": "logic",
    "id": 72
  },
  {
    "stem": "What number should replace the question mark?\n\n![](logic-diagram-public/media/image96.png)",
    "options": ["4", "5", "6", "7"],
    "category": "logic",
    "id": 74
  },
  {
    "stem": "Which is missing?\n\n![](logic-diagram-public/media/image97.png)",
    "options": [
      "![](logic-diagram-public/media/image98C.png)",
      "![](logic-diagram-public/media/image98B.png)",
      "![](logic-diagram-public/media/image98A.png)"
    ],
    "category": "logic",
    "id": 75
  },
  {
    "stem": "How much force is required to lift the weight?\n\n![](logic-diagram-public/media/image99.png)",
    "options": ["40lbs", "50lbs", "60lbs", "70lbs"],
    "category": "logic",
    "id": 76
  },
  {
    "stem": "How much force is required to lift the weights?\n\n![](logic-diagram-public/media/image100.png)",
    "options": ["25lbs", "35lbs", "40lbs", "45lbs"],
    "category": "logic",
    "id": 77
  },
  {
    "stem": "Which weight requires the least force to move?",
    "options": [
      "![](logic-diagram-public/media/image101.png)",
      "![](logic-diagram-public/media/image102.png)"
    ],
    "category": "logic",
    "id": 78
  },
  {
    "stem": "Which weight requires the least force to move?",
    "options": [
      "![](logic-diagram-public/media/image103.png)",
      "![](logic-diagram-public/media/image104.png)",
      "Both require the same force"
    ],
    "category": "logic",
    "id": 79
  },
  {
    "stem": "How much force is required to move the weight?\n\n![](logic-diagram-public/media/image105.png)",
    "options": ["100kg", "150kg", "50kg", "60kg"],
    "category": "logic",
    "id": 80
  },
  {
    "stem": "If gear X turns clockwise at a constant speed of 10 rpm. How does gear Y turn?\n\n![](logic-diagram-public/media/image106.png)",
    "options": [
      "anti c/w 10 rpm",
      "c/w 10 rpm",
      "c/w 5 rpm",
      "anti c/w 5 rpm",
      "c/w 20 rpm"
    ],
    "category": "logic",
    "id": 81
  },
  {
    "stem": "If gear X turns clockwise at a constant speed of 10 rpm. How does gear Y turn?\n\n![](logic-diagram-public/media/image107.png)",
    "options": [
      "anti c/w 10 rpm",
      "c/w 10 rpm",
      "c/w 5 rpm",
      "anti c/w 5 rpm",
      "c/w 20 rpm"
    ],
    "category": "logic",
    "id": 82
  },
  {
    "stem": "If bar Y moves left a constant speed. How does bar X move?\n\n![](logic-diagram-public/media/image108.png)",
    "options": [
      "left faster",
      "right same",
      "left slower",
      "left same",
      "right lower"
    ],
    "category": "logic",
    "id": 83
  },
  {
    "stem": "If drive wheel X rotates clockwise at a speed of 10 rpm. How does wheel Y turn?\n\n![](logic-diagram-public/media/image109.png)",
    "options": [
      "anti c/w faster",
      "c/w lower",
      "c/w faster",
      "anti c/w slower",
      "anti c/w same"
    ],
    "category": "logic",
    "id": 84
  },
  {
    "stem": "If drive wheel X rotates clockwise at a speed of 10 rpm. How does wheel Y turn?\n\n![](logic-diagram-public/media/image110.png)",
    "options": [
      "anti c/w faster",
      "c/w lower",
      "c/w faster",
      "anti c/w slower",
      "anti c/w same"
    ],
    "category": "logic",
    "id": 85
  },
  {
    "stem": "A force of 5 Kg compresses the springs in series 10cm.What will be the total distance that the springs in parallel are compressed?\n\n![](logic-diagram-public/media/image111.png)",
    "options": ["10cm", "2.5cm", "5cm", "7.5cm"],
    "category": "logic",
    "id": 86
  },
  {
    "stem": "How many switches need to be closed to light up one bulb?\n\n![](logic-diagram-public/media/image112.png)",
    "options": ["1", "2", "3", "4"],
    "category": "logic",
    "id": 87
  },
  {
    "stem": "How many bulbs will light up when the switch is closed?\n\n![](logic-diagram-public/media/image113.png)",
    "options": ["1", "2", "3", "4"],
    "category": "logic",
    "id": 88
  },
  {
    "stem": "If bulb 1 is removed, how many bulbs will light up when the switch is closed?\n\n![](logic-diagram-public/media/image114.png)",
    "options": ["1", "2", "3", "0"],
    "category": "logic",
    "id": 89
  },
  {
    "stem": "Which hammer is the most suitable tool for general carpentry?\n\n![](logic-diagram-public/media/image115.png)",
    "options": ["None", "1", "2", "3", "4"],
    "category": "logic-commonsense",
    "id": 90
  },
  {
    "stem": "Which hammer is the most suitable tool for general metalwork?\n\n![](logic-diagram-public/media/image115.png)",
    "options": ["None", "1", "2", "3", "4"],
    "category": "logic-commonsense",
    "id": 91
  },
  {
    "stem": "Which is the most suitable tool for breaking up concrete?\n\n![](logic-diagram-public/media/image115.png)",
    "options": ["None", "1", "2", "3", "4"],
    "category": "logic-commonsense",
    "id": 92
  },
  {
    "stem": "Which is the most suitable tool for assembling a friction fit wooden frame?\n\n![](logic-diagram-public/media/image115.png)",
    "options": ["None", "1", "2", "3", "4"],
    "category": "logic-commonsense",
    "id": 93
  },
  {
    "stem": "Which tool or combination of tools would be most useful for general woodwork?\n\n![](logic-diagram-public/media/image116.png)",
    "options": ["4, 2", "3, 5, 7", "2, 4, 6", "4, 7", "3, 6"],
    "category": "logic-commosense",
    "id": 94
  },
  {
    "stem": "Which tool or combination of tools would be most useful for repairing a broken radio?\n\n![](logic-diagram-public/media/image116.png)",
    "options": ["1, 8", "3, 5, 7", "8", "1, 9", "3, 6"],
    "category": "logic-commosense",
    "id": 95
  },
  {
    "stem": "Which tool or combination of tools would be most useful forworking with sheet glass?\n\n![](logic-diagram-public/media/image116.png)",
    "options": ["4, 2", "6", "9", "4", "3, 6"],
    "category": "logic-commosense",
    "id": 96
  },
  {
    "stem": "Which tool or combination of tools would be most useful for auto body repair work?\n\n![](logic-diagram-public/media/image116.png)",
    "options": ["1, 8", "3, 5, 7", "8", "1, 9", "3, 6"],
    "category": "logic-commosense",
    "id": 97
  },
  {
    "stem": "Which spanner makes it easier to undo the nut? If equal, mark 3",
    "options": [
      "![](logic-diagram-public/media/image117.png)",
      "![](logic-diagram-public/media/image118.png)"
    ],
    "category": "logic",
    "id": 98
  },
  {
    "stem": "Which shelf should support the heaviest load?",
    "options": [
      "![](logic-diagram-public/media/image119.png)",
      "![](logic-diagram-public/media/image120.png)",
      "![](logic-diagram-public/media/image121.png)"
    ],
    "category": "logic",
    "id": 99
  },
  {
    "stem": "How many pulleys turn clockwise?\n\n![](logic-diagram-public/media/image122.png)",
    "options": ["1", "2", "3"],
    "category": "logic",
    "id": 100
  },
  {
    "stem": "How will link ‘X’ move when the handle is operated as shown?\n\n![](logic-diagram-public/media/image123.png)",
    "options": [
      "![](logic-diagram-public/media/image124.png)",
      "![](logic-diagram-public/media/image125.png)",
      "![](logic-diagram-public/media/image126.png)"
    ],
    "category": "logic",
    "id": 101
  }
]
