{
  "0": {
    "answer": "VHU",
    "hint": "106H.png"
  },
  "1": {
    "answer": "4",
    "hint": "6\\*9=54"
  },
  "2": {
    "answer": [2],
    "hint": "looking across and down the triangles turn through 90 <sup>o</sup>"
  },
  "3": {
    "answer": [2],
    "hint": "each circle is repeated rotate"
  },
  "4": {
    "answer": [2],
    "hint": "each row and column contains six complete lines and six broken lines"
  },
  "5": {
    "answer": [2],
    "hint": "the top arm moves 45o clockwise at each stage and the bottom arm moves 90o clockwise"
  },
  "6": {
    "answer": "55",
    "hint": "each number indicates its position in the grid. 55 indicates row 5 column 5."
  },
  "7": {
    "answer": [1],
    "hint": "only dots that appear in the same position just twice in the first three hexagons are carried forward to the final hexagons."
  },
  "8": {
    "answer": "12",
    "hint": "add the digits of each three-figure number to obtain the two-digit number"
  },
  "9": {
    "answer": [2],
    "hint": "in each row and column only lines that are common to the first two squares are carried forward to the final square."
  },
  "10": {
    "answer": "116An.png",
    "hint": "top left is a third of bottom right, bottom right is three less than top right and top right is half of bottom left"
  },
  "11": {
    "answer": [1],
    "hint": "the inner hexagon is being dismantled one side at a time working anti-clockwise, while the outer hexagon is being constructed one side at a time working clockwise."
  },
  "12": {
    "answer": "1417",
    "hint": "42/3=14,51/3=17"
  },
  "13": {
    "answer": [4],
    "hint": "the rest are the same figure rotated"
  },
  "14": {
    "answer": "7",
    "hint": "the numbers round the centre increase by seven(in the others they increase by three and five respectively)"
  },
  "15": {
    "answer": [1],
    "hint": "looking across an outer circle is removed, looking down an outer circle is added"
  },
  "16": {
    "answer": [3],
    "hint": "looking across, the dot in the top left-hand quarter moves to the opposite corner, the dot in the top right-hand quarter moves one corner anti-clockwise at each stage, the dot in the bottom left-hand quarter moves between the top two corners,and the dot in the bottom right-hand quarter moves one corner clockwise at each stage."
  },
  "17": {
    "answer": [2],
    "hint": "the first three arcs are being repeated; and the position of the arc shifts 180<sup>o</sup>"
  },
  "18": {
    "answer": [2],
    "hint": "looking across each line add three;looking down each column add two."
  },
  "19": {
    "answer": [4],
    "hint": "looking across and down, lines are carried forward from the first two squares to the final square when they appear in the same position twice in the first two squares, however, they then change from complete to broken lines, and vice versa."
  },
  "20": {
    "answer": [0],
    "hint": "looking across the squares, the top left corner alternates one line/two lines/three lines; the top right corner alternates line right vertical/line left vertical; the bottom left corner alternates top horizontal/bottom horizontal and the bottom right corner alternates diagonal between opposite corners."
  },
  "21": {
    "answer": "0.625",
    "hint": "NULL"
  },
  "22": {
    "answer": [3],
    "hint": "all lines are continued, however, wavy lines become straight and vice versa"
  },
  "23": {
    "answer": "52",
    "hint": "start at the top left corner and work along the top line, then back along the second line,etc,adding nine then deducting three"
  },
  "24": {
    "answer": [2],
    "hint": "it has three white and one black on the left and three black and one white on the right. The rest are the opposite way round."
  },
  "25": {
    "answer": "ear,brain",
    "hint": "NULL"
  },
  "26": {
    "answer": "12",
    "hint": "NULL"
  },
  "27": {
    "answer": "4",
    "hint": "(6+7)-(4+5)"
  },
  "28": {
    "answer": [2],
    "hint": "at each stage the third circle moves to the end and the sixth circle moves to the beginning."
  },
  "29": {
    "answer": "8",
    "hint": "the number in the middle is the average of the numbers round the outside.7+8+9+7+8+9=48 and 48/6=8"
  },
  "30": {
    "answer": [2],
    "hint": "all lines carry and change from dotted to unbroken and vice versa"
  },
  "31": {
    "answer": "137Answer.png",
    "hint": "the sequence progresses circle, triangle, diamond, with alternate horizontal/vertical line."
  },
  "32": {
    "answer": [2],
    "hint": "it contains four black dots and three white."
  },
  "33": {
    "answer": "2646(14\\*189)",
    "hint": "NULL"
  },
  "34": {
    "answer": [2],
    "hint": "the large rectangle is being dismantled, half a side at a time anti-clockwise;the small rectangle is being constructed half a side at a time clockwise."
  },
  "35": {
    "answer": "6",
    "hint": "so that the number in the triangles, squares and circles add up to 33"
  },
  "36": {
    "answer": "2",
    "hint": "so that each square block of four number totals 15"
  },
  "37": {
    "answer": "E",
    "hint": "the small ellipse moves 45o clockwise and alternates inside/outside of the larger ellipse."
  },
  "38": {
    "answer": [1],
    "hint": "Looking across and down, only dots that appear in the same position in the first two squares are carried forward to the third square, however, they then change from black to white. and vice versa."
  },
  "39": {
    "answer": "OSCILLATE,FLUCTUATE",
    "hint": "NULL"
  },
  "40": {
    "answer": "17",
    "hint": "8 + 9 = 17; 7 + 6 = 13"
  },
  "41": {
    "answer": "2",
    "hint": "in rows and columns alternate digitals total the same, for example 5 + 9 = 10 + 4"
  },
  "42": {
    "answer": "4",
    "hint": "in each row and column in order to arrive at the final number multiply the first two numbers together and divide by 6"
  },
  "43": {
    "answer": [3],
    "hint": "looking both across and down, only lines that appear in both the first two squares are carried forward to the third square"
  },
  "44": {
    "answer": [2],
    "hint": "only lines and symbols that appear just twice in the outer circles appear in the inner circle"
  },
  "45": {
    "answer": [0],
    "hint": "each pair of circles are mirror iamges of each other."
  },
  "46": {
    "answer": [4],
    "hint": "the number of sides reduces by one at each stage, and the section two clockwise from the single white dot diasppears."
  },
  "47": {
    "answer": [2],
    "hint": "the two circles overlap each other and the square; the triangle and square overlap."
  },
  "48": {
    "answer": "N",
    "hint": "NULL"
  },
  "49": {
    "answer": "6",
    "hint": "36\\*2=72;14\\*2=28;43\\*2=86"
  },
  "50": {
    "answer": "32",
    "hint": "6\\*4=6+18 7\\*3=11+10 9\\*2=5+13 16\\*4=32+32"
  },
  "51": {
    "answer": [1],
    "hint": "looking across and down add another circle, alternating black/white, to alternate squares."
  },
  "52": {
    "answer": "5",
    "hint": "6+8-9"
  },
  "53": {
    "answer": [1],
    "hint": "so that each connectd straight line of three circles contains one each of the three different types of star."
  },
  "54": {
    "answer": [0],
    "hint": "the square goes inside the diamond and the diamond in turn goes inside the pentagon,which turns onto its base."
  },
  "55": {
    "answer": [2],
    "hint": "NULL"
  },
  "56": {
    "answer": "1",
    "hint": "358\\*2=716"
  },
  "57": {
    "answer": [1],
    "hint": "looking across, the dot move 45<sup>o</sup> clockwise at each stage, but looking down it moves 45<sup>o</sup> anti-clockwise"
  },
  "58": {
    "answer": [0],
    "hint": "lines across progress, in turn, -1,-3,-5,-4"
  },
  "59": {
    "answer": [1],
    "hint": "the dot moves corner/side anti-clockwise, the straight line and the curved line both move corner to corner clockwise."
  },
  "60": {
    "answer": "6",
    "hint": "NULL"
  },
  "61": {
    "answer": [4],
    "hint": "the rectangle starting on the left is moving from left to right one place at a time at each stage."
  },
  "62": {
    "answer": [5],
    "hint": "looking across and down lines are carried forward from the first two squares to final square, except where two lines appear in the same position in the first two squares in which case they are cancelled out."
  },
  "63": {
    "answer": "9",
    "hint": "(6+17)-(5+9)"
  },
  "64": {
    "answer": [1],
    "hint": "the white dots are each moving left to right and bottom to top (and vice versa) one place at a time at each stage"
  },
  "65": {
    "answer": "31 and 4",
    "hint": "12\\*7=84 8+12+7+4=31"
  },
  "66": {
    "answer": "PALATABLE,TASTELESS",
    "hint": "NULL"
  },
  "67": {
    "answer": "6",
    "hint": "5749827+3864759=9614586"
  },
  "68": {
    "answer": [4],
    "hint": "looking across and down,lines are carried forward from the first two squares to the final square , except where two lines appear in the same position in the first two squares, in which case they are cancelled out."
  },
  "69": {
    "answer": [2],
    "hint": "In all other figures, the two line segments are parallel to each other."
  },
  "70": {
    "answer": [2],
    "hint": "NULL"
  },
  "71": {
    "answer": [0],
    "hint": "358\\*2=716"
  },
  "72": {
    "answer": [1],
    "hint": "looking across, the dot move 45<sup>o</sup> clockwise at each stage, but looking down it moves 45<sup>o</sup> anti-clockwise"
  },
  "73": {
    "answer": [1],
    "hint": "looking across the letter jump +2,+3 in the alphabet, for example -AbCdeF.looking down they progress +4,+5 for example -AbcdEfghiJ"
  },
  "74": {
    "answer": [3],
    "hint": "so the dot appears in the diamond ang circle only."
  },
  "75": {
    "answer": [0],
    "hint": "the top left-hand corner alternates black dot/white dot; the top right-hand corner alternates horizontal line/vertical line the bottom left-hand corner line moves diagonal/vertical/diagonal/horizontal/diagonal. And the bottom right-hand corner laternates white dot/black dot."
  },
  "76": {
    "answer": [2],
    "hint": "the total of the number in each column alternates 20,30,20,30,20,30"
  },
  "77": {
    "answer": [0],
    "hint": "NULL"
  },
  "78": {
    "answer": [5],
    "hint": "the circle becomes a square and the four white squares become white circles"
  },
  "79": {
    "answer": [3],
    "hint": "looking across the number of dots increases by one and white becomes black. Looking down, the number of dots decreases by one and the dots stay the same colour."
  },
  "80": {
    "answer": [2],
    "hint": "the black square originally in the top right-hand corner is moving right to left one space at a time at each stage. The other black square is moving from bottom to top."
  },
  "81": {
    "answer": [0],
    "hint": "91\\*16"
  },
  "82": {
    "answer": [3],
    "hint": "NULL"
  },
  "83": {
    "answer": [1],
    "hint": "NULL"
  },
  "84": {
    "answer": [1],
    "hint": "(13 – 7 = 6) × (8 – 6 = 2) = 12; (9 – 5 = 4) × (7 – 3 = 4) = 16; (9 – 8 = 1) × (7 – 3 = 4) = 4."
  },
  "85": {
    "answer": [1],
    "hint": "NULL"
  },
  "86": {
    "answer": [2],
    "hint": "(9 + 7 + 1 = 17) – (4 + 3 = 7) = 10; (8 + 5 + 6 = 19) – (7 + 2 = 9) = 10; (5 + 8 + 2 = 15) – (6 + 1 = 7) = 8."
  },
  "87": {
    "answer": [1],
    "hint": "473892 + 516359 = 990251。"
  },
  "88": {
    "answer": [2],
    "hint": "NULL"
  },
  "89": {
    "answer": [1],
    "hint": "12 + 16 = 28, 28÷7=4."
  },
  "90": {
    "answer": [0],
    "hint": "square 1 moves to bottom right, square 2 moves to top left, square 3 moves to top right and square 4 moves to bottom left"
  },
  "91": {
    "answer": [0],
    "hint": "lines across progress +2,+4,+6,+8 in turn, columns down progress +3,+5,+7,+9 in turn."
  },
  "92": {
    "answer": [2],
    "hint": "7\\*28=4\\*49=196."
  },
  "93": {
    "answer": [0],
    "hint": "the total of the numbers in the shaded section in each hexagon is half the total of the remaining numbers."
  },
  "94": {
    "answer": [1],
    "hint": "200hint.png"
  },
  "95": {
    "answer": [1],
    "hint": "looking across,lines progress +4, looking down, columns progress +3"
  },
  "96": {
    "answer": [2],
    "hint": "NULL"
  },
  "97": {
    "answer": [2],
    "hint": "diagram-sequemce"
  },
  "98": {
    "answer": [2],
    "hint": "the contents of each pentagon are determined by the contents of the two pentagons immediately below it. Lines and dots are carried forward from these two pentagons, except when a line or dot appears in the same position, in which case they are cancelled out."
  },
  "99": {
    "answer": [2],
    "hint": "opposite number total 15"
  },
  "100": {
    "answer": [0],
    "hint": "lines are added vertically then horizontally alternately."
  },
  "101": {
    "answer": [0],
    "hint": "82\\*17"
  },
  "102": {
    "answer": [2],
    "hint": "each row of numbers contains the digits 1-9"
  },
  "103": {
    "answer": [2],
    "hint": "the arms move clockwise in turn 45<sup>o</sup>"
  },
  "104": {
    "answer": [3],
    "hint": "the diamond is moving round each corner clockwise. The black portion alternate overlapping section/diamond/square."
  }
}
