[{"stem": "Which letters should replace the question mark?\n\n![](T106-210-public/media/106.png)", "options": [], "category": "diagram", "id": 0}, {"stem": "Which number should replace the question mark?\n\n![](T106-210-public/media/107.png)", "options": [], "category": "diagram-sequence", "id": 1}, {"stem": "Which is the missing tile?\n\n![](T106-210-public/media/108.png)", "options": ["![](T106-210-public/media/108A.png)", "![](T106-210-public/media/108B.png)", "![](T106-210-public/media/108C.png)", "![](T106-210-public/media/108D.png)", "![](T106-210-public/media/108E.png)"], "category": "diagram", "id": 2}, {"stem": "Which circle below should be placed in the large circle above?\n\n![](T106-210-public/media/109.png)", "options": ["![](T106-210-public/media/109A.png)", "![](T106-210-public/media/109B.png)", "![](T106-210-public/media/109C.png)", "![](T106-210-public/media/109D.png)", "![](T106-210-public/media/109E.png)"], "category": "diagram", "id": 3}, {"stem": "Which is the missing box?\n\n![](T106-210-public/media/110.png)", "options": ["![](T106-210-public/media/110A.png)", "![](T106-210-public/media/110B.png)", "![](T106-210-public/media/110C.png)", "![](T106-210-public/media/110D.png)", "![](T106-210-public/media/110E.png)", "![](T106-210-public/media/110F.png)"], "category": "diagram", "id": 4}, {"stem": "What comes next?\n\n![](T106-210-public/media/111.png)", "options": ["![](T106-210-public/media/111A.png)", "![](T106-210-public/media/111B.png)", "![](T106-210-public/media/111C.png)", "111Dpng", "![](T106-210-public/media/111E.png)", "![](T106-210-public/media/111F.png)"], "category": "diagram", "id": 5}, {"stem": "What number should replace the question mark?\n\n![](T106-210-public/media/112.png)", "options": [], "category": "diagram-sequence", "id": 6}, {"stem": "![](T106-210-public/media/113-1.png) is to ![](T106-210-public/media/113-2.png) as ![](T106-210-public/media/113-3.png) is to:\n\n<!-- -->", "options": ["![](T106-210-public/media/113A.png)\n\n2.  113", "png\n\n3.  113", "png\n\n4.  113", "png\n\n5.  113", "png"], "category": "diagram-analogy", "id": 7}, {"stem": "What number should replace the question mark?\n\n![](T106-210-public/media/114.png)", "options": [], "category": "sequence", "id": 8}, {"stem": "Which is the missing tile?\n\n![](T106-210-public/media/115.png)", "options": ["![](T106-210-public/media/115A.png)", "![](T106-210-public/media/115B.png)", "![](T106-210-public/media/115C.png)", "![](T106-210-public/media/115D.png)", "![](T106-210-public/media/115E.png)", "![](T106-210-public/media/115F.png)"], "category": "diagram", "id": 9}, {"stem": "What numbers should replace the question marks?\n\n![](T106-210-public/media/116.png)", "options": [], "category": "diagram-sequence", "id": 10}, {"stem": "What comes next?\n\n![](T106-210-public/media/117.png)", "options": ["![](T106-210-public/media/117A.png)", "![](T106-210-public/media/117B.png)", "![](T106-210-public/media/117C.png)", "![](T106-210-public/media/117D.png)", "![](T106-210-public/media/117E.png)"], "category": "diagram", "id": 11}, {"stem": "What number should replace the question mark?\n\n![](T106-210-public/media/118.png)", "options": [], "category": "diagram-sequence", "id": 12}, {"stem": "Which is the odd one out?", "options": ["![](T106-210-public/media/119A.png)", "![](T106-210-public/media/119B.png)", "![](T106-210-public/media/119C.png)", "![](T106-210-public/media/119D.png)", "![](T106-210-public/media/119E.png)"], "category": "diagram", "id": 13}, {"stem": "What number should replace the question mark?\n\n![](T106-210-public/media/120.png)", "options": [], "category": "diagram-sequence", "id": 14}, {"stem": "Which is the missing tile\n\n![](T106-210-public/media/121.png)", "options": ["![](T106-210-public/media/121A.png)", "![](T106-210-public/media/121B.png)", "![](T106-210-public/media/121C.png)", "![](T106-210-public/media/121D.png)", "![](T106-210-public/media/121E.png)", "![](T106-210-public/media/121F.png)"], "category": "diagram", "id": 15}, {"stem": "What comes next in the sequence?\n\n![](T106-210-public/media/122.png)", "options": ["![](T106-210-public/media/122A.png)", "![](T106-210-public/media/122B.png)", "![](T106-210-public/media/122C.png)", "![](T106-210-public/media/122D.png)", "![](T106-210-public/media/122E.png)"], "category": "diagram", "id": 16}, {"stem": "Which arc is missing?\n\n![](T106-210-public/media/123.png)", "options": ["![](T106-210-public/media/123A.png)", "![](T106-210-public/media/123B.png)", "![](T106-210-public/media/123C.png)", "![](T106-210-public/media/123D.png)", "![](T106-210-public/media/123E.png)", "![](T106-210-public/media/123F.png)"], "category": "diagram", "id": 17}, {"stem": "Which is the missing section?\n\n124png", "options": ["![](T106-210-public/media/124A.png)", "![](T106-210-public/media/124B.png)", "![](T106-210-public/media/124C.png)", "![](T106-210-public/media/124D.png)"], "category": "diagram-sequence", "id": 18}, {"stem": "Which is the missing tile?\n\n![](T106-210-public/media/125.png)", "options": ["![](T106-210-public/media/125A.png)", "![](T106-210-public/media/125B.png)", "![](T106-210-public/media/125C.png)", "![](T106-210-public/media/125D.png)", "![](T106-210-public/media/125E.png)"], "category": "diagram", "id": 19}, {"stem": "What comes next?\n\n![](T106-210-public/media/126.png)", "options": ["![](T106-210-public/media/126A.png)", "![](T106-210-public/media/126B.png)", "![](T106-210-public/media/126C.png)", "![](T106-210-public/media/126D.png)", "![](T106-210-public/media/126E.png)"], "category": "diagram", "id": 20}, {"stem": "What percentage of the figure is shaded?\n\n![](T106-210-public/media/127.png)", "options": [], "category": "diagram", "id": 21}, {"stem": "Which is the missing tile\n\n![](T106-210-public/media/128.png)", "options": ["![](T106-210-public/media/128A.png)", "![](T106-210-public/media/128B.png)", "![](T106-210-public/media/128C.png)", "![](T106-210-public/media/128D.png)", "![](T106-210-public/media/128E.png)"], "category": "diagram", "id": 22}, {"stem": "What number should replace the question mark?\n\n![](T106-210-public/media/129.png)", "options": [], "category": "diagram-sequence", "id": 23}, {"stem": "Which is the odd one out?", "options": ["![](T106-210-public/media/130A.png)", "![](T106-210-public/media/130B.png)", "![](T106-210-public/media/130C.png)", "![](T106-210-public/media/130D.png)", "![](T106-210-public/media/130E.png)", "![](T106-210-public/media/130F.png)"], "category": "diagram", "id": 24}, {"stem": "Identify two word(one from each set of brackets) that have a connection(analogy) with the words in capitals and relate to them in the same way\n\nCOCHLEA(shell,ear,brain)\n\nCEREBELLUM(heart,nose,brain)", "options": [], "category": "verbal-analogy", "id": 25}, {"stem": "How many lines appear below?\n\n![](T106-210-public/media/132.png)", "options": [], "category": "diagram", "id": 26}, {"stem": "Which number should replace the question mark?\n\n![](T106-210-public/media/133.png)", "options": [], "category": "diagram-sequence", "id": 27}, {"stem": "What comes next?\n\n![](T106-210-public/media/134.png)", "options": ["![](T106-210-public/media/134A.png)", "![](T106-210-public/media/134B.png)", "![](T106-210-public/media/134C.png)", "![](T106-210-public/media/134D.png)", "![](T106-210-public/media/134E.png)", "![](T106-210-public/media/134F.png)"], "category": "diagram", "id": 28}, {"stem": "What number should replace the question mark?\n\n![](T106-210-public/media/135.png)", "options": [], "category": "diagram-sequence", "id": 29}, {"stem": "Which is the missing tile?\n\n![](T106-210-public/media/136.png)", "options": ["![](T106-210-public/media/136A.png)", "![](T106-210-public/media/136B.png)", "![](T106-210-public/media/136C.png)", "![](T106-210-public/media/136D.png)", "![](T106-210-public/media/136E.png)"], "category": "diagram", "id": 30}, {"stem": "Draw the missing figure in the above sequence.\n\n![](T106-210-public/media/137.png)", "options": [], "category": "diagram", "id": 31}, {"stem": "![](T106-210-public/media/138.png)\n\nWhich shield below has most in common with the shield above?", "options": ["![](T106-210-public/media/138A.png)", "![](T106-210-public/media/138B.png)", "![](T106-210-public/media/138C.png)", "![](T106-210-public/media/138D.png)", "![](T106-210-public/media/138E.png)"], "category": "diagram", "id": 32}, {"stem": "Multiply the lowest even number in the grid by the highest odd number.\n\n![](T106-210-public/media/139.png)", "options": [], "category": "diagram-sequence", "id": 33}, {"stem": "What comes next?\n\n![](T106-210-public/media/140.png)", "options": ["![](T106-210-public/media/140A.png)", "![](T106-210-public/media/140B.png)", "![](T106-210-public/media/140C.png)", "![](T106-210-public/media/140D.png)", "![](T106-210-public/media/140E.png)"], "category": "diagram", "id": 34}, {"stem": "What number should replace the question mark?\n\n![](T106-210-public/media/141.png)", "options": [], "category": "diagram-sequence", "id": 35}, {"stem": "What number should replace the question mark?\n\n![](T106-210-public/media/142.png)", "options": [], "category": "diagram-sequence", "id": 36}, {"stem": "What comes next?\n\n![](T106-210-public/media/143.png)", "options": [], "category": "diagram", "id": 37}, {"stem": "Which is the missing tile?\n\n![](T106-210-public/media/144.png)", "options": ["![](T106-210-public/media/144A.png)", "![](T106-210-public/media/144B.png)", "![](T106-210-public/media/144C.png)", "![](T106-210-public/media/144D.png)"], "category": "verbal", "id": 38}, {"stem": "![](T106-210-public/media/145.png)\n\nEach square contains the letters of a nine-letter word. Find the two words that are sililar in meaning.", "options": [], "category": "verbal", "id": 39}, {"stem": "146.jpg\n\nWhat number should replace the question mark?", "options": [], "category": "diagram", "id": 40}, {"stem": "147.jpg\n\nWhat number should replace the question mark?", "options": [], "category": "diagram-sequence", "id": 41}, {"stem": "148.jpg\n\nWhat number should replace the question mark?", "options": [], "category": "sequence", "id": 42}, {"stem": "which is the missing tile?\n\n149.jpg", "options": ["149A.jpg", "149B.jpg", "149C.jpg", "149D.jpg", "149E.jpg"], "category": "diagram", "id": 43}, {"stem": "Which circle should replace the question mark?\n\n150.jpg", "options": ["150A.jpg", "150B.jpg", "150C.jpg", "150D.jpg", "150E.jpg"], "category": "diagram", "id": 44}, {"stem": "Which circle should replace the question mark?\n\n151.jpg", "options": ["151A.jpg", "151B.jpg", "151C.jpg", "151D.jpg", "151E.jpg"], "category": "diagram", "id": 45}, {"stem": "What comes next?\n\n152.jpg", "options": ["152A.jpg", "152B.jpg", "152C.jpg", "152D.jpg", "152E.jpg"], "category": "diagram", "id": 46}, {"stem": "Which hexagon has most in common with the hexagon above?\n\n153.jpg", "options": ["153A.jpg", "153B.jpg", "153C.jpg", "153D.jpg", "153E.jpg"], "category": "diagram", "id": 47}, {"stem": "154.jpg\n\nWhat letter is two letters to the right of the letter two letters above the letter four letters to the left of letter Z?", "options": [], "category": "diagram", "id": 48}, {"stem": "What number should replace the question mark?\n\n![](T106-210-public/media/155.png)", "options": [], "category": "diagram-sequence", "id": 49}, {"stem": "What number should replace the question mark?\n\n![](T106-210-public/media/156.png)", "options": [], "category": "diagram-sequence", "id": 50}, {"stem": "which is the missing section?\n\n![](T106-210-public/media/157.png)", "options": ["![](T106-210-public/media/157A.png)", "![](T106-210-public/media/157B.png)", "![](T106-210-public/media/157C.png)", "![](T106-210-public/media/157D.png)"], "category": "diagram", "id": 51}, {"stem": "What number should replace the question mark?\n\n![](T106-210-public/media/158.png)", "options": [], "category": "verbal-sequence", "id": 52}, {"stem": "which is missing?\n\n![](T106-210-public/media/159.png)", "options": ["![](T106-210-public/media/159A.png)", "![](T106-210-public/media/159B.png)", "![](T106-210-public/media/159C.png)"], "category": "diagram", "id": 53}, {"stem": "160\\_![](T106-210-public/media/160_1.png) is to 160\\_![](T106-210-public/media/160_2.png) as 160\\_![](T106-210-public/media/160_3.png) is to ?", "options": ["![](T106-210-public/media/160A.png)", "![](T106-210-public/media/160B.png)", "![](T106-210-public/media/160C.png)", "![](T106-210-public/media/160D.png)", "![](T106-210-public/media/160E.png)"], "category": "diagram", "id": 54}, {"stem": "![](T106-210-public/media/161.png)\n\nWhen the above is folded to form a cube, which is the only one of the following that can be produced?", "options": ["![](T106-210-public/media/161A.png)", "![](T106-210-public/media/161B.png)", "![](T106-210-public/media/161C.png)", "![](T106-210-public/media/161D.png)", "![](T106-210-public/media/161E.png)"], "category": "diagram", "id": 55}, {"stem": "what number should replace the question mark?\n\n![](T106-210-public/media/162.png)", "options": [], "category": "diagram-sequence", "id": 56}, {"stem": "which is the missing tile?\n\n![](T106-210-public/media/163.png)", "options": ["![](T106-210-public/media/163A.png)", "![](T106-210-public/media/163B.png)", "![](T106-210-public/media/163C.png)", "![](T106-210-public/media/163D.png)", "![](T106-210-public/media/163E.png)"], "category": "diagram", "id": 57}, {"stem": "which is the missing section?\n\n![](T106-210-public/media/164.png)", "options": ["![](T106-210-public/media/164A.png)", "![](T106-210-public/media/164B.png)", "![](T106-210-public/media/164C.png)", "![](T106-210-public/media/164D.png)"], "category": "diagram-sequence", "id": 58}, {"stem": "![](T106-210-public/media/165.png)\n\nwhat comes next in the above sequence?", "options": ["![](T106-210-public/media/165A.png)", "![](T106-210-public/media/165B.png)", "![](T106-210-public/media/165C.png)", "![](T106-210-public/media/165D.png)", "![](T106-210-public/media/165E.png)"], "category": "diagram", "id": 59}, {"stem": "how many different size circles appear below?\n\n![](T106-210-public/media/166.png)", "options": [], "category": "diagram", "id": 60}, {"stem": "What comes next?\n\n![](T106-210-public/media/167.png)", "options": ["![](T106-210-public/media/167A.png)", "![](T106-210-public/media/167B.png)", "![](T106-210-public/media/167C.png)", "![](T106-210-public/media/167D.png)", "![](T106-210-public/media/167E.png)", "![](T106-210-public/media/167F.png)"], "category": "diagram", "id": 61}, {"stem": "Which is the missing tile?\n\n![](T106-210-public/media/168.png)", "options": ["![](T106-210-public/media/168A.png)", "![](T106-210-public/media/168B.png)", "![](T106-210-public/media/168C.png)", "![](T106-210-public/media/168D.png)", "![](T106-210-public/media/168E.png)", "![](T106-210-public/media/168F.png)"], "category": "diagram", "id": 62}, {"stem": "![](T106-210-public/media/169.png)\n\nWhat number should replace the question mark?", "options": [], "category": "diagram-sequence", "id": 63}, {"stem": "![](T106-210-public/media/170.png)\n\nwhich is missing?", "options": ["![](T106-210-public/media/170A.png)", "![](T106-210-public/media/170B.png)", "![](T106-210-public/media/170C.png)", "![](T106-210-public/media/170D.png)", "![](T106-210-public/media/170E.png)"], "category": "diagram", "id": 64}, {"stem": "what numbers should replace the question marks?\n\n![](T106-210-public/media/171.png)", "options": [], "category": "diagram-sequence", "id": 65}, {"stem": "![](T106-210-public/media/172.png)\n\nEach square contains the letters of a nine-letter word. Find the two nine-letter words that are antonyms.", "options": [], "category": "diagram-verbal", "id": 66}, {"stem": "What number should replace the question mark?\n\n![](T106-210-public/media/173.png)", "options": [], "category": "sequence", "id": 67}, {"stem": "which is the missing tile?\n\n![](T106-210-public/media/174.png)", "options": ["![](T106-210-public/media/174A.png)", "![](T106-210-public/media/174B.png)", "![](T106-210-public/media/174C.png)", "![](T106-210-public/media/174D.png)", "![](T106-210-public/media/174E.png)"], "category": "diagram", "id": 68}, {"stem": "Choose the figure which is different from the rest.", "options": ["![](T106-210-public/media/175A.png)", "![](T106-210-public/media/175B.png)", "![](T106-210-public/media/175C.png)", "![](T106-210-public/media/175D.png)", "![](T106-210-public/media/175E.png)"], "category": "diagram-classification", "id": 69}, {"stem": "When the above is folded to form a cube, which is the only one of the following that can be produced?\n\n![](T106-210-public/media/176.png)", "options": ["![](T106-210-public/media/176A.png)", "![](T106-210-public/media/176B.png)", "![](T106-210-public/media/176C.png)", "![](T106-210-public/media/176D.png)", "![](T106-210-public/media/176E.png)"], "category": "diagram", "id": 70}, {"stem": "what number should replace the question mark?\n\n![](T106-210-public/media/177.png)", "options": ["1", "2", "3", "4"], "category": "diagram-sequence", "id": 71}, {"stem": "which is the missing tile?\n\n![](T106-210-public/media/178.png)", "options": ["![](T106-210-public/media/178A.png)", "![](T106-210-public/media/178B.png)", "![](T106-210-public/media/178C.png)", "![](T106-210-public/media/178D.png)", "![](T106-210-public/media/178E.png)"], "category": "diagram", "id": 72}, {"stem": "which is the missing section?\n\n![](T106-210-public/media/179.png)", "options": ["![](T106-210-public/media/179A.png)", "![](T106-210-public/media/179B.png)", "![](T106-210-public/media/179C.png)", "![](T106-210-public/media/179D.png)"], "category": "diagram-verbal", "id": 73}, {"stem": "To which of the squares below can a dot be added so that the dot then meets the same conditions as the dot in the square above?\n\n![](T106-210-public/media/180.png)", "options": ["![](T106-210-public/media/180A.png)", "![](T106-210-public/media/180B.png)", "![](T106-210-public/media/180C.png)", "![](T106-210-public/media/180D.png)", "![](T106-210-public/media/180E.png)"], "category": "diagram", "id": 74}, {"stem": "Draw the missing figure in the above sequence?\n\n![](T106-210-public/media/181.png)", "options": ["![](T106-210-public/media/181A.png)", "![](T106-210-public/media/181B.png)", "![](T106-210-public/media/181C.png)", "![](T106-210-public/media/181D.png)"], "category": "diagram-sequence", "id": 75}, {"stem": "What number should replace the question mark?\n\n![](T106-210-public/media/182.png)", "options": ["4", "5", "6", "7"], "category": "diagram-sequence", "id": 76}, {"stem": "When the above is folded to form a cube, which is the only one of the following that can be produced?\n\n![](T106-210-public/media/183.png)", "options": ["![](T106-210-public/media/183A.png)", "![](T106-210-public/media/183B.png)", "![](T106-210-public/media/183C.png)", "![](T106-210-public/media/183D.png)", "![](T106-210-public/media/183E.png)"], "category": "diagram", "id": 77}, {"stem": "What pattern should replace the question mark?\n\n![](T106-210-public/media/184.png)", "options": ["![](T106-210-public/media/184A.png)", "![](T106-210-public/media/184B.png)", "![](T106-210-public/media/184C.png)", "![](T106-210-public/media/184D.png)", "![](T106-210-public/media/184E.png)", "![](T106-210-public/media/184F.png)"], "category": "diagram", "id": 78}, {"stem": "Which is the missing tile?\n\n![](T106-210-public/media/185.png)", "options": ["![](T106-210-public/media/185A.png)", "![](T106-210-public/media/185B.png)", "![](T106-210-public/media/185C.png)", "![](T106-210-public/media/185D.png)", "![](T106-210-public/media/185E.png)"], "category": "diagram", "id": 79}, {"stem": "Which is missing?\n\n![](T106-210-public/media/186.png)", "options": ["![](T106-210-public/media/186A.png)", "![](T106-210-public/media/186B.png)", "![](T106-210-public/media/186C.png)", "![](T106-210-public/media/186D.png)", "![](T106-210-public/media/186E.png)"], "category": "diagram", "id": 80}, {"stem": "Multiply the highest odd number in the grid by the lowest even number.\n\n![](T106-210-public/media/187.png)", "options": ["1456", "1458", "1460", "1462"], "category": "diagram", "id": 81}, {"stem": "Which is the missing pattern?\n\n![](T106-210-public/media/188.png)", "options": ["![](T106-210-public/media/188A.png)", "![](T106-210-public/media/188B.png)", "![](T106-210-public/media/188C.png)", "![](T106-210-public/media/188D.png)"], "category": "logic", "id": 82}, {"stem": "What numbers should replace the question marks?\n\n![](T106-210-public/media/189.png)", "options": ["2", "1", "3", "4"], "category": "logic", "id": 83}, {"stem": "What number should replace the question mark?\n\n![](T106-210-public/media/190.png)", "options": ["3", "4", "5", "6"], "category": "logic", "id": 84}, {"stem": "What letter should replace the question mark?\n\n![](T106-210-public/media/191.png)", "options": ["F", "T", "L", "H"], "category": "logic", "id": 85}, {"stem": "What number should replace the question mark?\n\n![](T106-210-public/media/192.png)", "options": ["6", "7", "8", "9"], "category": "logic", "id": 86}, {"stem": "What number should replace the question mark?\n\n![](T106-210-public/media/193.png)", "options": ["6", "9", "8", "5"], "category": "logic", "id": 87}, {"stem": "What number should replace the question mark?\n\n![](T106-210-public/media/194.png)", "options": ["8", "9", "10", "11"], "category": "logic", "id": 88}, {"stem": "What number should replace the question mark?\n\n![](T106-210-public/media/195.png)", "options": ["14", "16", "18", "20"], "category": "logic", "id": 89}, {"stem": "What letter should replace the question mark?\n\n![](T106-210-public/media/196.png)", "options": ["![](T106-210-public/media/196A.png)", "![](T106-210-public/media/196B.png)", "![](T106-210-public/media/196C.png)", "![](T106-210-public/media/196D.png)", "![](T106-210-public/media/196E.png)"], "category": "diagram", "id": 90}, {"stem": "Which is the missing section?\n\n![](T106-210-public/media/197.png)", "options": ["![](T106-210-public/media/197A.png)", "![](T106-210-public/media/197B.png)", "![](T106-210-public/media/197C.png)", "![](T106-210-public/media/197D.png)"], "category": "diagram", "id": 91}, {"stem": "What number should replace the question mark?\n\n![](T106-210-public/media/198.png)", "options": ["2", "3", "4", "5"], "category": "logic", "id": 92}, {"stem": "what number should replace the question mark?\n\n![](T106-210-public/media/199.png)", "options": ["2", "3", "4", "5"], "category": "diagram", "id": 93}, {"stem": "which three of the pieces below, when fitted together, will form a perfect square?\n\n![](T106-210-public/media/200.png)", "options": ["A, B, C", "A, B, D", "A, C, D", "B, C, D"], "category": "verbal", "id": 94}, {"stem": "Which section is missing?\n\n![](T106-210-public/media/201.png)", "options": ["![](T106-210-public/media/201A.png)", "![](T106-210-public/media/201B.png)", "![](T106-210-public/media/201C.png)", "![](T106-210-public/media/201D.png)"], "category": "diagram", "id": 95}, {"stem": "When the above is folded to form a cube, which is the only one of the following that can be produces?\n\n![](T106-210-public/media/202.png)", "options": ["![](T106-210-public/media/202A.png)", "![](T106-210-public/media/202B.png)", "![](T106-210-public/media/202C.png)", "![](T106-210-public/media/202D.png)", "![](T106-210-public/media/202E.png)"], "category": "diagram", "id": 96}, {"stem": "what number should replace the question mark?\n\n![](T106-210-public/media/203.png)", "options": ["2", "3", "4", "5"], "category": "all lines and columns total 18", "id": 97}, {"stem": "which is missing?\n\n![](T106-210-public/media/204.png)", "options": ["![](T106-210-public/media/204A.png)", "![](T106-210-public/media/204B.png)", "![](T106-210-public/media/204C.png)", "![](T106-210-public/media/204D.png)", "![](T106-210-public/media/204E.png)"], "category": "diagram", "id": 98}, {"stem": "what number should replace the question mark?\n\n![](T106-210-public/media/205.png)", "options": ["11", "12", "13", "14"], "category": "diagram-sequence", "id": 99}, {"stem": "Choose the missing figure in the above sequence.\n\n![](T106-210-public/media/206.png)", "options": ["![](T106-210-public/media/206A.png)", "![](T106-210-public/media/206B.png)", "![](T106-210-public/media/206C.png)", "![](T106-210-public/media/206D.png)"], "category": "diagram", "id": 100}, {"stem": "Multiple the highest even number in the grid by the lowest odd number.\n\n![](T106-210-public/media/207.png)", "options": ["1394", "1398", "1402", "1406"], "category": "diagram-sequence", "id": 101}, {"stem": "What number should replace the question mark?\n\n![](T106-210-public/media/208.png)", "options": ["3", "4", "5", "6"], "category": "diagram", "id": 102}, {"stem": "What comes next?\n\n![](T106-210-public/media/209.png)", "options": ["![](T106-210-public/media/209A.png)", "![](T106-210-public/media/209B.png)", "![](T106-210-public/media/209C.png)", "![](T106-210-public/media/209D.png)", "![](T106-210-public/media/209E.png)"], "category": "diagram", "id": 103}, {"stem": "What comes next?\n\n![](T106-210-public/media/210.png)", "options": ["![](T106-210-public/media/210A.png)", "![](T106-210-public/media/210B.png)", "![](T106-210-public/media/210C.png)", "![](T106-210-public/media/210D.png)", "![](T106-210-public/media/210E.png)"], "category": "diagram", "id": 104}]