[{"stem": "1. Which is the odd one out?", "options": ["![](T211-315-public/media/211A.png)", "![](T211-315-public/media/211B.png)", "![](T211-315-public/media/211C.png)", "![](T211-315-public/media/211D.png)", "![](T211-315-public/media/211E.png)"], "category": "diagram", "id": 0}, {"stem": "![](T211-315-public/media/212.png)\n\nWhich pentagon should replace the question mark?", "options": ["![](T211-315-public/media/212A.png)", "![](T211-315-public/media/212B.png)", "![](T211-315-public/media/212C.png)", "![](T211-315-public/media/212D.png)", "![](T211-315-public/media/212E.png)"], "category": "diagram", "id": 1}, {"stem": "![](T211-315-public/media/213.png)\n\nWhich shield below has most in common with the shield above?", "options": ["![](T211-315-public/media/213A.png)", "![](T211-315-public/media/213B.png)", "![](T211-315-public/media/213C.png)", "![](T211-315-public/media/213D.png)", "![](T211-315-public/media/213E.png)"], "category": "diagram", "id": 2}, {"stem": "![](T211-315-public/media/214.png)\n\nWhich is the missing tile?", "options": ["![](T211-315-public/media/214A.png)", "![](T211-315-public/media/214B.png)", "![](T211-315-public/media/214C.png)", "![](T211-315-public/media/214D.png)", "![](T211-315-public/media/214E.png)"], "category": "diagram", "id": 3}, {"stem": "![](T211-315-public/media/215.png)\n\nWhich is the missing square?", "options": ["![](T211-315-public/media/215A.png)", "![](T211-315-public/media/215B.png)", "![](T211-315-public/media/215C.png)", "![](T211-315-public/media/215D.png)", "![](T211-315-public/media/215E.png)", "![](T211-315-public/media/215F.png)"], "category": "diagram", "id": 4}, {"stem": "![](T211-315-public/media/216.png)\n\nWhich figure is missing?", "options": ["![](T211-315-public/media/216A.png)", "![](T211-315-public/media/216B.png)", "![](T211-315-public/media/216C.png)", "![](T211-315-public/media/216D.png)", "![](T211-315-public/media/216E.png)"], "category": "diagram", "id": 5}, {"stem": "![](T211-315-public/media/217.png)\n\nWhich square below has most in common with the square above?", "options": ["![](T211-315-public/media/217A.png)", "![](T211-315-public/media/217B.png)", "![](T211-315-public/media/217C.png)", "![](T211-315-public/media/217D.png)", "![](T211-315-public/media/217E.png)"], "category": "diagram", "id": 6}, {"stem": "![](T211-315-public/media/218.png)\n\nWhat number should replace the question mark?", "options": [], "category": "diagram", "id": 7}, {"stem": "![](T211-315-public/media/219.png)\n\nWhat number should replace the question mark?", "options": [], "category": "diagram", "id": 8}, {"stem": "What numbers should replace the question marks?\n\n![](T211-315-public/media/220.png)", "options": [], "category": "diagram-sequence", "id": 9}, {"stem": "![](T211-315-public/media/221.png)\n\nWhich figure should replace the question mark?", "options": ["![](T211-315-public/media/221A.png)", "![](T211-315-public/media/221B.png)", "![](T211-315-public/media/221C.png)", "![](T211-315-public/media/221D.png)"], "category": "diagram", "id": 10}, {"stem": "Spell out a 12-letter word by moving from letter to adjacent letter, horizontally and vertically (but not diagonally). You must find the starting point and provide the missing letters.\n\n![](T211-315-public/media/222.png)", "options": [], "category": "diagram", "id": 11}, {"stem": "What number should replace the question mark?\n\n![](T211-315-public/media/223.png)", "options": [], "category": "diagram", "id": 12}, {"stem": "Which is the odd one out?", "options": ["![](T211-315-public/media/224A.png)", "![](T211-315-public/media/224B.png)", "![](T211-315-public/media/224C.png)", "![](T211-315-public/media/224D.png)", "![](T211-315-public/media/224E.png)"], "category": "diagram", "id": 13}, {"stem": "What number should replace the question mark?\n\n![](T211-315-public/media/225.png)", "options": [], "category": "diagram-sequence", "id": 14}, {"stem": "What number should replace the question mark?\n\n![](T211-315-public/media/226.png)", "options": [], "category": "diagram-sequence", "id": 15}, {"stem": "![](T211-315-public/media/227-1.png) is to ![](T211-315-public/media/227-2.png) as ![](T211-315-public/media/227-3.png) is to", "options": ["![](T211-315-public/media/227A.png)", "![](T211-315-public/media/227B.png)", "![](T211-315-public/media/227C.png)", "![](T211-315-public/media/227D.png)", "![](T211-315-public/media/227E.png)", "![](T211-315-public/media/227F.png)"], "category": "diagram", "id": 16}, {"stem": "![](T211-315-public/media/228.png)\n\nWhich is the missing tile?", "options": ["![](T211-315-public/media/228A.png)", "![](T211-315-public/media/228B.png)", "![](T211-315-public/media/228C.png)", "![](T211-315-public/media/228D.png)", "![](T211-315-public/media/228E.png)", "![](T211-315-public/media/228F.png)"], "category": "diagram", "id": 17}, {"stem": "![](T211-315-public/media/229-1.png) is to ![](T211-315-public/media/229-2.png) as ![](T211-315-public/media/229-3.png) is to", "options": ["![](T211-315-public/media/229A.png)", "![](T211-315-public/media/229B.png)", "![](T211-315-public/media/229C.png)", "![](T211-315-public/media/229D.png)", "![](T211-315-public/media/229E.png)"], "category": "diagram", "id": 18}, {"stem": "![](T211-315-public/media/230.png)", "options": ["![](T211-315-public/media/230A.png)", "![](T211-315-public/media/230B.png)", "![](T211-315-public/media/230C.png)", "![](T211-315-public/media/230D.png)", "![](T211-315-public/media/230E.png)", "![](T211-315-public/media/230F.png)"], "category": "diagram", "id": 19}, {"stem": "What number should replace the question mark?\n\n![](T211-315-public/media/231.png)", "options": [], "category": "diagram", "id": 20}, {"stem": "Which is the odd one out?", "options": ["![](T211-315-public/media/232A.png)", "![](T211-315-public/media/232B.png)", "![](T211-315-public/media/232C.png)", "![](T211-315-public/media/232D.png)", "![](T211-315-public/media/232E.png)"], "category": "diagram", "id": 21}, {"stem": "What number should replace the question mark?\n\n![](T211-315-public/media/233.png)", "options": [], "category": "diagram-sequence", "id": 22}, {"stem": "![](T211-315-public/media/234.png)\n\nWhich is the missing tile?", "options": ["![](T211-315-public/media/234A.png)", "![](T211-315-public/media/234B.png)", "![](T211-315-public/media/234C.png)", "![](T211-315-public/media/234D.png)", "![](T211-315-public/media/234E.png)", "![](T211-315-public/media/234F.png)"], "category": "diagram", "id": 23}, {"stem": "Start at one of the four corner letters and spiral clockwise round the perimeter, finishing at the centre letter to spell out a nine-letter word. You must provide the missing letters\n\n![](T211-315-public/media/235.png)", "options": [], "category": "diagram", "id": 24}, {"stem": "![](T211-315-public/media/236.png)\n\nWhen the above is folded to form a cube, which is the only one of the following that can be produced?", "options": ["![](T211-315-public/media/236A.png)", "![](T211-315-public/media/236B.png)", "![](T211-315-public/media/236C.png)", "![](T211-315-public/media/236D.png)", "![](T211-315-public/media/236E.png)"], "category": "diagram", "id": 25}, {"stem": "What number should replace the question mark?\n\n![](T211-315-public/media/237.png)", "options": [], "category": "diagram-sequence", "id": 26}, {"stem": "![](T211-315-public/media/238.png)\n\nEach square contains the scrambled letters of a nine-letter word. Find the two words which are synonyms.", "options": [], "category": "diagram-verbal", "id": 27}, {"stem": "![](T211-315-public/media/239.png)\n\nEach square contains the scrambled letters of a nine-letter word. Find the two words which are synonyms.", "options": [], "category": "diagram", "id": 28}, {"stem": "![](T211-315-public/media/240.png)\n\nWhat number should replace the question mark?", "options": [], "category": "diagram-sequence", "id": 29}, {"stem": "![](T211-315-public/media/241.png)\n\nWhat number should replace the question mark?", "options": [], "category": "diagram-sequence", "id": 30}, {"stem": "![](T211-315-public/media/242.png)\n\nWhat number should replace the question mark?", "options": [], "category": "diagram-sequence", "id": 31}, {"stem": "![](T211-315-public/media/243.png)\n\nWhat number should replace the question mark?", "options": [], "category": "diagram-sequence", "id": 32}, {"stem": "![](T211-315-public/media/244.png)\n\nWhat number should replace the question mark?", "options": [], "category": "diagram-sequence", "id": 33}, {"stem": "![](T211-315-public/media/245.png)\n\nWhat letters should appear in the fourth square?", "options": [], "category": "logic", "id": 34}, {"stem": "![](T211-315-public/media/246.png)\n\nWhat numbers should appear on the bottom row?", "options": [], "category": "diagram-sequence", "id": 35}, {"stem": "![](T211-315-public/media/247.png)\n\nWhat numbers should replace the question marks?", "options": [], "category": "diagram-sequence", "id": 36}, {"stem": "![](T211-315-public/media/248.png)\n\nWhat numbers should replace the question marks?", "options": [], "category": "diagram-sequence", "id": 37}, {"stem": "![](T211-315-public/media/249.png)\n\nWhat number should replace the question mark?", "options": [], "category": "diagram-sequence", "id": 38}, {"stem": "![](T211-315-public/media/250.png)\n\nWhich is the missing square?", "options": ["![](T211-315-public/media/250A.png)", "![](T211-315-public/media/250B.png)", "![](T211-315-public/media/250C.png)", "![](T211-315-public/media/250D.png)", "![](T211-315-public/media/250E.png)"], "category": "diagram", "id": 39}, {"stem": "![](T211-315-public/media/251.png)\n\nWhich is the missing square?", "options": ["![](T211-315-public/media/251A.png)", "![](T211-315-public/media/251B.png)", "![](T211-315-public/media/251C.png)", "![](T211-315-public/media/251D.png)", "![](T211-315-public/media/251E.png)"], "category": "diagram", "id": 40}, {"stem": "![](T211-315-public/media/252.png)\n\nWhich is the missing square?", "options": ["![](T211-315-public/media/252A.png)", "![](T211-315-public/media/252B.png)", "![](T211-315-public/media/252C.png)", "![](T211-315-public/media/252D.png)", "![](T211-315-public/media/252E.png)"], "category": "diagram", "id": 41}, {"stem": "![](T211-315-public/media/253.png)\n\nWhich is the missing square?", "options": ["![](T211-315-public/media/253A.png)", "![](T211-315-public/media/253B.png)", "![](T211-315-public/media/253C.png)", "![](T211-315-public/media/253D.png)", "![](T211-315-public/media/253E.png)", "![](T211-315-public/media/253F.png)", "![](T211-315-public/media/253G.png)", "H. ![](T211-315-public/media/253H.png)"], "category": "diagram", "id": 42}, {"stem": "![](T211-315-public/media/254.png)\n\nWhich is the missing square?", "options": ["![](T211-315-public/media/254A.png)", "![](T211-315-public/media/254B.png)", "![](T211-315-public/media/254C.png)", "![](T211-315-public/media/254D.png)", "![](T211-315-public/media/254E.png)", "![](T211-315-public/media/254F.png)", "![](T211-315-public/media/254G.png)", "H.![](T211-315-public/media/254H.png)"], "category": "diagram", "id": 43}, {"stem": "![](T211-315-public/media/255.png)\n\nWhich is the missing square?", "options": ["![](T211-315-public/media/255A.png)", "![](T211-315-public/media/255B.png)", "![](T211-315-public/media/255C.png)", "![](T211-315-public/media/255D.png)", "![](T211-315-public/media/255E.png)", "![](T211-315-public/media/255F.png)", "![](T211-315-public/media/255G.png)", "H.![](T211-315-public/media/255H.png)"], "category": "diagram", "id": 44}, {"stem": "![](T211-315-public/media/256.png)\n\nWhich is the missing square?", "options": ["![](T211-315-public/media/256A.png)", "![](T211-315-public/media/256B.png)", "![](T211-315-public/media/256C.png)", "![](T211-315-public/media/256D.png)", "![](T211-315-public/media/256E.png)", "![](T211-315-public/media/256F.png)", "![](T211-315-public/media/256G.png)", "H.![](T211-315-public/media/256H.png)"], "category": "diagram", "id": 45}, {"stem": "![](T211-315-public/media/257.png)\n\nWhich is the missing square?", "options": ["![](T211-315-public/media/257A.png)", "![](T211-315-public/media/257B.png)", "![](T211-315-public/media/257C.png)", "![](T211-315-public/media/257D.png)", "![](T211-315-public/media/257E.png)", "![](T211-315-public/media/257F.png)"], "category": "diagram", "id": 46}, {"stem": "![](T211-315-public/media/258.png)\n\nWhich is the missing square?", "options": ["![](T211-315-public/media/258A.png)", "![](T211-315-public/media/258B.png)", "![](T211-315-public/media/258C.png)", "![](T211-315-public/media/258D.png)", "![](T211-315-public/media/258E.png)", "![](T211-315-public/media/258F.png)"], "category": "diagram", "id": 47}, {"stem": "![](T211-315-public/media/259.png)\n\nWhat number should replace the question mark?", "options": [], "category": "diagram-sequence", "id": 48}, {"stem": "![](T211-315-public/media/260.png)\n\nWhat number should replace the question mark?", "options": [], "category": "diagram-sequence", "id": 49}, {"stem": "![](T211-315-public/media/261.png)\n\nWhat number should replace the question mark?", "options": [], "category": "diagram-sequence", "id": 50}, {"stem": "![](T211-315-public/media/262.png)\n\nWhat numbers should replace the question marks?", "options": [], "category": "diagram-sequence", "id": 51}, {"stem": "Which is the odd one out?", "options": ["![](T211-315-public/media/263A.png)", "![](T211-315-public/media/263B.png)", "![](T211-315-public/media/263C.png)", "![](T211-315-public/media/263D.png)", "![](T211-315-public/media/263E.png)"], "category": "diagram", "id": 52}, {"stem": "Which is the odd one out?", "options": ["![](T211-315-public/media/264A.png)", "![](T211-315-public/media/264B.png)", "![](T211-315-public/media/264C.png)", "![](T211-315-public/media/264D.png)", "![](T211-315-public/media/264E.png)"], "category": "diagram", "id": 53}, {"stem": "![](T211-315-public/media/265.png)\n\nWhich is missing?", "options": ["![](T211-315-public/media/265A.png)", "![](T211-315-public/media/265B.png)", "![](T211-315-public/media/265C.png)", "![](T211-315-public/media/265D.png)", "![](T211-315-public/media/265E.png)"], "category": "diagram", "id": 54}, {"stem": "![](T211-315-public/media/266.png)\n\nWhat comes next?", "options": ["![](T211-315-public/media/266A.png)", "![](T211-315-public/media/266B.png)", "![](T211-315-public/media/266C.png)", "![](T211-315-public/media/266D.png)", "![](T211-315-public/media/266E.png)"], "category": "diagram", "id": 55}, {"stem": "![](T211-315-public/media/267.png)\n\nWhich is the missing tile?", "options": ["![](T211-315-public/media/267A.png)", "![](T211-315-public/media/267B.png)", "![](T211-315-public/media/267C.png)", "![](T211-315-public/media/267D.png)", "![](T211-315-public/media/267E.png)", "![](T211-315-public/media/267F.png)"], "category": "diagram", "id": 56}, {"stem": "Choose the figure which is different from the rest.", "options": ["![](T211-315-public/media/268A.png)", "![](T211-315-public/media/268B.png)", "![](T211-315-public/media/268C.png)", "![](T211-315-public/media/268D.png)", "![](T211-315-public/media/268E.png)"], "category": "diagram-classification", "id": 57}, {"stem": "Which is the odd one out?", "options": ["![](T211-315-public/media/269A.png)", "![](T211-315-public/media/269B.png)", "![](T211-315-public/media/269C.png)", "![](T211-315-public/media/269D.png)", "![](T211-315-public/media/269E.png)", "![](T211-315-public/media/269F.png)", "![](T211-315-public/media/269G.png)"], "category": "", "id": 58}, {"stem": "Which is the odd one out?", "options": ["![](T211-315-public/media/270A.png)", "![](T211-315-public/media/270B.png)", "![](T211-315-public/media/270C.png)", "![](T211-315-public/media/270D.png)", "![](T211-315-public/media/270E.png)"], "category": "diagram", "id": 59}, {"stem": "![](T211-315-public/media/271.png)\n\nWhich square should replace the question mark?", "options": ["![](T211-315-public/media/271A.png)", "![](T211-315-public/media/271B.png)", "![](T211-315-public/media/271C.png)", "![](T211-315-public/media/271D.png)", "![](T211-315-public/media/271E.png)"], "category": "diagram", "id": 60}, {"stem": "Which is the odd one out?", "options": ["![](T211-315-public/media/272A.png)", "![](T211-315-public/media/272B.png)", "![](T211-315-public/media/272C.png)", "![](T211-315-public/media/272D.png)", "![](T211-315-public/media/272E.png)"], "category": "diagram", "id": 61}, {"stem": "![](T211-315-public/media/273.png)\n\nWhat letters should replace the question marks?", "options": [], "category": "diagram", "id": 62}, {"stem": "![](T211-315-public/media/274.png)\n\nWhat numbers should replace the question marks?", "options": [], "category": "diagram", "id": 63}, {"stem": "![](T211-315-public/media/275.png)\n\nWhat letter should replace the question mark?", "options": [], "category": "diagram", "id": 64}, {"stem": "![](T211-315-public/media/276.png)\n\nWhat number should replace the question mark?", "options": [], "category": "diagram", "id": 65}, {"stem": "![](T211-315-public/media/277.png)\n\nHow many circles appear above?", "options": [], "category": "diagram", "id": 66}, {"stem": "![](T211-315-public/media/278.png)\n\nWhat letter should replace the question mark?", "options": [], "category": "diagram", "id": 67}, {"stem": "![](T211-315-public/media/279.png)\n\nWhat number should replace the question mark?", "options": [], "category": "diagram", "id": 68}, {"stem": "![](T211-315-public/media/280.png)\n\nWhat letter should replace the question mark?", "options": [], "category": "diagram", "id": 69}, {"stem": "Which windows in the third figure should be blacked out?\n\n![](T211-315-public/media/281.png)", "options": ["![](T211-315-public/media/281A.png)", "![](T211-315-public/media/281B.png)", "![](T211-315-public/media/281C.png)", "![](T211-315-public/media/281D.png)"], "category": "diagram", "id": 70}, {"stem": "Which is the odd one out?", "options": ["![](T211-315-public/media/282A.png)", "![](T211-315-public/media/282B.png)", "![](T211-315-public/media/282C.png)", "![](T211-315-public/media/282D.png)", "![](T211-315-public/media/282E.png)", "![](T211-315-public/media/282F.png)"], "category": "diagram", "id": 71}, {"stem": "Add three sticks to form three squares without disturbing any of the other sticks.\n\n![](T211-315-public/media/283.png)", "options": ["![](T211-315-public/media/283A.png)"], "category": "diagram", "id": 72}, {"stem": "What comes next?\n\n![](T211-315-public/media/284.png)", "options": ["![](T211-315-public/media/284A.png)", "![](T211-315-public/media/284B.png)", "![](T211-315-public/media/284C.png)", "![](T211-315-public/media/284D.png)", "![](T211-315-public/media/284E.png)"], "category": "diagram", "id": 73}, {"stem": "Which is the odd one out?", "options": ["![](T211-315-public/media/285A.png)", "![](T211-315-public/media/285B.png)", "![](T211-315-public/media/285C.png)", "![](T211-315-public/media/285D.png)"], "category": "diagram", "id": 74}, {"stem": "Which comes next?\n\n![](T211-315-public/media/286.png)", "options": ["![](T211-315-public/media/286A.png)", "![](T211-315-public/media/286B.png)", "![](T211-315-public/media/286C.png)", "![](T211-315-public/media/286D.png)", "![](T211-315-public/media/286E.png)"], "category": "diagram", "id": 75}, {"stem": "Which is the odd one out?", "options": ["![](T211-315-public/media/287A.png)", "![](T211-315-public/media/287B.png)", "![](T211-315-public/media/287C.png)", "![](T211-315-public/media/287D.png)"], "category": "diagram", "id": 76}, {"stem": "Which comes next?\n\n![](T211-315-public/media/288.png)", "options": ["![](T211-315-public/media/288A.png)", "![](T211-315-public/media/288B.png)", "![](T211-315-public/media/288C.png)", "![](T211-315-public/media/288D.png)", "![](T211-315-public/media/288E.png)"], "category": "diagram", "id": 77}, {"stem": "Which is the odd one out?", "options": ["![](T211-315-public/media/289A.png)", "![](T211-315-public/media/289B.png)", "![](T211-315-public/media/289C.png)", "![](T211-315-public/media/289D.png)"], "category": "diagram", "id": 78}, {"stem": "Which comes next?\n\n![](T211-315-public/media/290.png)", "options": ["![](T211-315-public/media/290A.png)", "![](T211-315-public/media/290B.png)", "![](T211-315-public/media/290C.png)", "![](T211-315-public/media/290D.png)", "![](T211-315-public/media/290E.png)"], "category": "diagram", "id": 79}, {"stem": "Which is the odd one out?", "options": ["![](T211-315-public/media/291A.png)", "![](T211-315-public/media/291B.png)", "![](T211-315-public/media/291C.png)", "![](T211-315-public/media/291D.png)"], "category": "diagram", "id": 80}, {"stem": "Which comes next?\n\n![](T211-315-public/media/292.png)", "options": ["![](T211-315-public/media/292A.png)", "![](T211-315-public/media/292B.png)", "![](T211-315-public/media/292C.png)", "![](T211-315-public/media/292D.png)", "![](T211-315-public/media/292E.png)"], "category": "diagram", "id": 81}, {"stem": "Which is the odd one out?", "options": ["![](T211-315-public/media/298A.png)", "![](T211-315-public/media/298B.png)", "![](T211-315-public/media/298C.png)", "![](T211-315-public/media/298D.png)"], "category": "diagram", "id": 82}, {"stem": "Which comes next?\n\n![](T211-315-public/media/294.png)", "options": ["![](T211-315-public/media/294A.png)", "![](T211-315-public/media/294B.png)", "![](T211-315-public/media/294C.png)", "![](T211-315-public/media/294D.png)", "![](T211-315-public/media/294E.png)"], "category": "diagram", "id": 83}, {"stem": "Which is the odd one out?", "options": ["![](T211-315-public/media/295A.png)", "![](T211-315-public/media/295B.png)", "![](T211-315-public/media/295C.png)", "![](T211-315-public/media/295D.png)", "![](T211-315-public/media/295E.png)"], "category": "diagram", "id": 84}, {"stem": "Which comes next?\n\n![](T211-315-public/media/296.png)", "options": ["![](T211-315-public/media/296A.png)", "![](T211-315-public/media/296B.png)", "![](T211-315-public/media/296C.png)", "![](T211-315-public/media/296D.png)", "![](T211-315-public/media/296E.png)"], "category": "diagram", "id": 85}, {"stem": "Which is the odd one out?", "options": ["![](T211-315-public/media/297A.png)", "![](T211-315-public/media/297B.png)", "![](T211-315-public/media/297C.png)", "![](T211-315-public/media/297D.png)"], "category": "diagram", "id": 86}, {"stem": "Which comes next?\n\n![](T211-315-public/media/298.png)", "options": ["![](T211-315-public/media/298A.png)", "![](T211-315-public/media/298B.png)", "![](T211-315-public/media/298C.png)", "![](T211-315-public/media/298D.png)", "![](T211-315-public/media/298E.png)"], "category": "diagram", "id": 87}, {"stem": "Which is the odd one out?", "options": ["![](T211-315-public/media/299A.png)", "![](T211-315-public/media/299B.png)", "![](T211-315-public/media/299C.png)", "![](T211-315-public/media/299D.png)", "![](T211-315-public/media/299E.png)"], "category": "diagram", "id": 88}, {"stem": "Which comes next?\n\n![](T211-315-public/media/300.png)", "options": ["![](T211-315-public/media/300A.png)", "![](T211-315-public/media/300B.png)", "![](T211-315-public/media/300C.png)", "![](T211-315-public/media/300D.png)", "![](T211-315-public/media/300E.png)"], "category": "diagram", "id": 89}, {"stem": "Which is the odd one out?", "options": ["![](T211-315-public/media/301A.png)", "![](T211-315-public/media/301B.png)", "![](T211-315-public/media/301C.png)", "![](T211-315-public/media/301D.png)"], "category": "diagram", "id": 90}, {"stem": "Which comes next?\n\n![](T211-315-public/media/302.png)", "options": ["![](T211-315-public/media/302A.png)", "![](T211-315-public/media/302B.png)", "![](T211-315-public/media/302C.png)", "![](T211-315-public/media/302D.png)", "![](T211-315-public/media/302E.png)"], "category": "diagram", "id": 91}, {"stem": "Which is the odd one out?", "options": ["![](T211-315-public/media/303A.png)", "![](T211-315-public/media/303B.png)", "![](T211-315-public/media/303C.png)", "![](T211-315-public/media/303D.png)"], "category": "diagram", "id": 92}, {"stem": "Which comes next?\n\n![](T211-315-public/media/304.png)", "options": ["![](T211-315-public/media/304A.png)", "![](T211-315-public/media/304B.png)", "![](T211-315-public/media/304C.png)", "![](T211-315-public/media/304D.png)", "![](T211-315-public/media/304E.png)"], "category": "diagram", "id": 93}, {"stem": "Which is the odd one out?", "options": ["![](T211-315-public/media/305A.png)", "![](T211-315-public/media/305B.png)", "![](T211-315-public/media/305C.png)", "![](T211-315-public/media/305D.png)"], "category": "diagram", "id": 94}, {"stem": "Which comes next?\n\n![](T211-315-public/media/306.png)", "options": ["![](T211-315-public/media/306A.png)", "![](T211-315-public/media/306B.png)", "![](T211-315-public/media/306C.png)", "![](T211-315-public/media/306D.png)"], "category": "diagram", "id": 95}, {"stem": "Which is the odd one out?", "options": ["![](T211-315-public/media/307A.png)", "![](T211-315-public/media/307B.png)", "![](T211-315-public/media/307C.png)", "![](T211-315-public/media/307D.png)"], "category": "diagram", "id": 96}, {"stem": "Which comes next?\n\n![](T211-315-public/media/308.png)", "options": ["![](T211-315-public/media/308A.png)", "![](T211-315-public/media/308B.png)", "![](T211-315-public/media/308C.png)", "![](T211-315-public/media/308D.png)"], "category": "diagram", "id": 97}, {"stem": "Which is the odd one out?", "options": ["![](T211-315-public/media/309A.png)", "![](T211-315-public/media/309B.png)", "![](T211-315-public/media/309C.png)", "![](T211-315-public/media/309D.png)"], "category": "diagram", "id": 98}, {"stem": "Which comes next?\n\n![](T211-315-public/media/310.png)", "options": ["![](T211-315-public/media/310A.png)", "![](T211-315-public/media/310B.png)", "![](T211-315-public/media/310C.png)", "![](T211-315-public/media/310D.png)"], "category": "diagram", "id": 99}, {"stem": "Which is the odd one out?", "options": ["![](T211-315-public/media/311A.png)", "![](T211-315-public/media/311B.png)", "![](T211-315-public/media/311C.png)", "![](T211-315-public/media/311D.png)", "![](T211-315-public/media/311E.png)"], "category": "diagram", "id": 100}, {"stem": "Which comes next?\n\n![](T211-315-public/media/312.png)", "options": ["![](T211-315-public/media/312A.png)", "![](T211-315-public/media/312B.png)", "![](T211-315-public/media/312C.png)", "![](T211-315-public/media/312D.png)", "![](T211-315-public/media/312E.png)"], "category": "diagram", "id": 101}, {"stem": "Which comes next?\n\n![](T211-315-public/media/313.png)", "options": ["![](T211-315-public/media/313A.png)", "![](T211-315-public/media/313B.png)", "![](T211-315-public/media/313C.png)", "![](T211-315-public/media/313D.png)"], "category": "diagram", "id": 102}, {"stem": "Which comes next?\n\n![](T211-315-public/media/314.png)", "options": ["![](T211-315-public/media/314A.png)", "![](T211-315-public/media/314B.png)", "![](T211-315-public/media/314C.png)", "![](T211-315-public/media/314D.png)", "![](T211-315-public/media/314E.png)"], "category": "diagram", "id": 103}, {"stem": "Choose the figure which is different from the rest.", "options": ["![](T211-315-public/media/315A.png)", "![](T211-315-public/media/315B.png)", "![](T211-315-public/media/315C.png)", "![](T211-315-public/media/315D.png)", "![](T211-315-public/media/315E.png)"], "category": "diagram-classification", "id": 104}]