{
  "0": {
    "answer": [3],
    "hint": "All other figures are divided into equal parts."
  },
  "1": {
    "answer": [1],
    "hint": "Figure (1) and fig. (3) can be rotated into each other and fig. (4) and fig. (5) can be rotated into each other."
  },
  "2": {
    "answer": [1],
    "hint": "Each one of the figures except fig. (2), consists of five arrowheads."
  },
  "3": {
    "answer": [4],
    "hint": "In each one of the figures except fig. (5), two arrows point towards left and one arrow points towards right"
  },
  "4": {
    "answer": [3],
    "hint": "Only in fig. (4), both the parallel lines are bent in the same direction {i.e. towards the left}."
  },
  "5": {
    "answer": [0],
    "hint": "All other figures can be rotated into each other."
  },
  "6": {
    "answer": [2],
    "hint": "Only in fig. (3), the line segment is not a diameter of the circle."
  },
  "7": {
    "answer": [3],
    "hint": "Figure (4) has a rectangle in place of a '+' sign"
  },
  "8": {
    "answer": [2],
    "hint": "All other figures can be rotated into each other."
  },
  "9": {
    "answer": [2],
    "hint": "In each one of the figures except fig. (3), the two crosses (x) appear in the diagonally opposite corners."
  },
  "10": {
    "answer": [3],
    "hint": "Figure (4) is formed by four line segments while each one of the other figures is formed by three line segments."
  },
  "11": {
    "answer": [0],
    "hint": "All other figures can be rotated into each other."
  },
  "12": {
    "answer": [1],
    "hint": "In each one of the figures, except fig. (2), the number of sides in the inner element is one more than the number of sides in the outer element."
  },
  "13": {
    "answer": [2],
    "hint": "Fig. (3) is formed by a combination of A-shaped elements while all other figures are formed by a combination of V-shaped elements."
  },
  "15": {
    "answer": [3],
    "hint": "Each one of the figures, except fig. (4), is formed by three line segments."
  },
  "16": {
    "answer": [0],
    "hint": "All other are vowels"
  },
  "17": {
    "answer": [2],
    "hint": "All other figures contain a geometrical figure along with its mirror image."
  },
  "19": {
    "answer": [4],
    "hint": "All other figures can be rotated into each other."
  },
  "20": {
    "answer": [3],
    "hint": "In each one of the other figures, one of the two elements is made of dotted lines"
  },
  "21": {
    "answer": [3],
    "hint": "All other figures can be rotated into each other."
  },
  "22": {
    "answer": [0],
    "hint": "In all other figures, all the line segments are drawn perpendicular to one base only."
  },
  "23": {
    "answer": [1],
    "hint": "Each one of the figures except fig. (2), contains - one complete square, one cup-shaped element having three sides, one 'U-shaped element having two sides and one straight line."
  },
  "24": {
    "answer": [1],
    "hint": "Only in fig. (2), while moving in an ACW direction, the numbers do not form a sequence."
  },
  "25": {
    "answer": [0],
    "hint": "In all other figures, one of the dots lies outside the triangle as well as the circle."
  },
  "26": {
    "answer": [2],
    "hint": "In fig. (3), the arrow indicates an ACW motion while in each of the other figures, the arrow indicates a CW motion."
  },
  "27": {
    "answer": [1],
    "hint": "Each one of the figures except fig. (2), is obtained by the lateral inversion of an English alphabet."
  },
  "28": {
    "answer": [4],
    "hint": "All others are punctuation marks."
  },
  "29": {
    "answer": [2],
    "hint": "Only in fig. (4), the dot appears in the region common to all the three circles."
  },
  "30": {
    "answer": [3],
    "hint": "Only in fig. (4), the pin passes through a vertex of each one of the two elements."
  },
  "31": {
    "answer": [3],
    "hint": "Only in fig. (4), the black triangle and the black circle lie at the two ends of the same diameter."
  },
  "32": {
    "answer": [0],
    "hint": "All other figures can be rotated into each other."
  },
  "33": {
    "answer": [1],
    "hint": "All other figures can be rotated into each other."
  },
  "34": {
    "answer": [1],
    "hint": "Each one of the remaining figures is composed of straight lines only."
  },
  "35": {
    "answer": [2],
    "hint": "Only in fig. (3), the marked angles are unequal."
  },
  "36": {
    "answer": [3],
    "hint": "Only in fig. (4), all the four cup-shaped elements are opening in different directions."
  },
  "37": {
    "answer": [4],
    "hint": "In all other figures, the lower element is an alphabet and the upper element is a number which indicates the position of the lower element in the set of English alphabet."
  },
  "38": {
    "answer": [3],
    "hint": "Except fig. (4), in all other figures, the elements are arranged in the increasing order of the number of sides sequentially, either in a CW or in an ACW direction."
  },
  "39": {
    "answer": [1],
    "hint": "All other figures can be rotated into each other."
  },
  "40": {
    "answer": [3],
    "hint": "Except fig. (4), in all other figures, one of the two arrows points towards the centre of the circle."
  },
  "41": {
    "answer": [2],
    "hint": "The line segment inside the square is attached to the corner which lies opposite to the corner to which the outer L-shaped element is attached."
  },
  "42": {
    "answer": [0],
    "hint": "All other figures can be rotated into each other."
  },
  "43": {
    "answer": [3],
    "hint": "Only in fig. (4), each side of the square has at one black triangle attached to it."
  },
  "44": {
    "answer": [2],
    "hint": "All other figures can be rotated into each other."
  },
  "45": {
    "answer": [0],
    "hint": "Only in fig. (1), two of the four elements are oriented in the same direction."
  },
  "46": {
    "answer": [2],
    "hint": "In all other figures, none of the elements in at the central position and all the elements are arranged at the outer positions with the two types of elements appearing alternately."
  },
  "47": {
    "answer": [3],
    "hint": "In all other figures, the two double sided arrows intersect each other at right angles."
  },
  "48": {
    "answer": [2],
    "hint": "Only in this figure, the two arrows are not at right angles."
  },
  "49": {
    "answer": [3],
    "hint": "In all other figures, each element is obtained by rotating the adjacent element through 180o."
  },
  "50": {
    "answer": [3],
    "hint": "The two dots lie on the same side of the diagonal only in fig. (4)."
  },
  "51": {
    "answer": [1],
    "hint": "In each one of the other figures, the small line segment lies one space ahead of the dot, in a CW direction."
  },
  "52": {
    "answer": [3],
    "hint": "In all other figures, the dot appears in the same corner of the square as the line outside it."
  },
  "53": {
    "answer": [1],
    "hint": "In all other figures, both the arrowheads lie towards the diameter of the semicircle."
  },
  "54": {
    "answer": [0],
    "hint": "In all other figures, the line is bent towards the pin."
  },
  "55": {
    "answer": [4],
    "hint": "Only in fig. (5), the small line segment lies on the same side (right side) of the main figure as the head of the pin (or all other figures can be rotated into each other)"
  },
  "56": {
    "answer": [0],
    "hint": "All other figures can be rotated into each other."
  },
  "57": {
    "answer": [2],
    "hint": "Only in fig. (3), two out of the four elements are opening in the same direction."
  },
  "58": {
    "answer": [4],
    "hint": "Only fig. (5) consists of equal number of black and white pins."
  },
  "59": {
    "answer": [1],
    "hint": "All other figures can be rotated into each other."
  },
  "60": {
    "answer": [3],
    "hint": "Only fig. (4) contains three diameters of the circle."
  },
  "61": {
    "answer": [3],
    "hint": "The inclination of the triangle is different in fig. (4)."
  },
  "62": {
    "answer": [1],
    "hint": "All other figures can be rotated into each other."
  },
  "63": {
    "answer": [0],
    "hint": "All other figures can be rotated into each other."
  },
  "65": {
    "answer": [0],
    "hint": "All other figures can be rotated into each other."
  },
  "66": {
    "answer": [2],
    "hint": "21+24＝22+23"
  },
  "67": {
    "answer": [3],
    "hint": "24\\*2＝48"
  },
  "68": {
    "answer": [1],
    "hint": "0-5＝-2.5\\*2"
  },
  "69": {
    "answer": [0],
    "hint": "6\\*2-4+4=12   3\\*4-3+2=11 3\\*5-2+1=14"
  },
  "71": {
    "answer": [2],
    "hint": "1+4+3\\*6=23"
  },
  "72": {
    "answer": [0],
    "hint": "(7+6)\\*(8+9)=221"
  },
  "73": {
    "answer": [0],
    "hint": "(9-5)(10+5)=60"
  },
  "74": {
    "answer": [2],
    "hint": "4\\*7=28"
  },
  "75": {
    "answer": [0],
    "hint": "NULL"
  },
  "76": {
    "answer": [3],
    "hint": "symmetry"
  },
  "77": {
    "answer": [1],
    "hint": "Rotate 45°"
  },
  "78": {
    "answer": [2],
    "hint": "NULL"
  },
  "79": {
    "answer": [1],
    "hint": "Rotate 180°"
  },
  "80": {
    "answer": [2],
    "hint": "Symmetry"
  },
  "81": {
    "answer": [3],
    "hint": "NULL"
  },
  "82": {
    "answer": [3],
    "hint": "NULL"
  },
  "84": {
    "answer": [3],
    "hint": "NULL"
  },
  "85": {
    "answer": [0],
    "hint": "NULL"
  },
  "87": {
    "answer": [2],
    "hint": "symmetry and rotate"
  },
  "88": {
    "answer": [2],
    "hint": "The question figure is rotated clockwise through 90 degrees each time."
  },
  "89": {
    "answer": [2],
    "hint": "C and E are the only two pictures which are identical"
  },
  "90": {
    "answer": [1],
    "hint": "NULL"
  },
  "91": {
    "answer": [3],
    "hint": "NULL"
  },
  "92": {
    "answer": [3],
    "hint": "lines across proceed +1,+2,+3. Lines down proceed +3,+2,+1"
  },
  "93": {
    "answer": [1],
    "hint": "3\\*2=6 7\\*3=21 4\\*4=16"
  },
  "94": {
    "answer": [3],
    "hint": "NULL"
  }
}
