[{"stem": "Choose the figure which is different from the rest.", "options": ["![](T316-411-public/media/316A.png)", "![](T316-411-public/media/316B.png)", "![](T316-411-public/media/316C.png)", "![](T316-411-public/media/316D.png)", "![](T316-411-public/media/316E.png)"], "category": "diagram-classification", "id": 0}, {"stem": "Choose the figure which is different from the rest.", "options": ["![](T316-411-public/media/318A.png)", "![](T316-411-public/media/318B.png)", "![](T316-411-public/media/318C.png)", "![](T316-411-public/media/318D.png)", "![](T316-411-public/media/318E.png)"], "category": "diagram-classification", "id": 1}, {"stem": "Choose the figure which is different from the rest.", "options": ["![](T316-411-public/media/319A.png)", "![](T316-411-public/media/319B.png)", "![](T316-411-public/media/319C.png)", "![](T316-411-public/media/319D.png)", "![](T316-411-public/media/319E.png)"], "category": "diagram-classification", "id": 2}, {"stem": "Choose the figure which is different from the rest.", "options": ["![](T316-411-public/media/320A.png)", "![](T316-411-public/media/320B.png)", "![](T316-411-public/media/320C.png)", "![](T316-411-public/media/320D.png)", "![](T316-411-public/media/320E.png)"], "category": "diagram-classification", "id": 3}, {"stem": "Choose the figure which is different from the rest.", "options": ["![](T316-411-public/media/321A.png)", "![](T316-411-public/media/321B.png)", "![](T316-411-public/media/321C.png)", "![](T316-411-public/media/321D.png)", "![](T316-411-public/media/321E.png)"], "category": "diagram-classification", "id": 4}, {"stem": "Choose the figure which is different from the rest.", "options": ["![](T316-411-public/media/322A.png)", "![](T316-411-public/media/322B.png)", "![](T316-411-public/media/322C.png)", "![](T316-411-public/media/322D.png)"], "category": "diagram-classification", "id": 5}, {"stem": "Choose the figure which is different from the rest.", "options": ["![](T316-411-public/media/323A.png)", "![](T316-411-public/media/323B.png)", "![](T316-411-public/media/323C.png)", "![](T316-411-public/media/323D.png)", "![](T316-411-public/media/323E.png)"], "category": "diagram-classification", "id": 6}, {"stem": "Choose the figure which is different from the rest.", "options": ["![](T316-411-public/media/324A.png)", "![](T316-411-public/media/324B.png)", "![](T316-411-public/media/324C.png)", "![](T316-411-public/media/324D.png)", "![](T316-411-public/media/324E.png)"], "category": "diagram-classification", "id": 7}, {"stem": "Choose the figure which is different from the rest.", "options": ["![](T316-411-public/media/325A.png)", "![](T316-411-public/media/325B.png)", "![](T316-411-public/media/325C.png)", "![](T316-411-public/media/325D.png)", "![](T316-411-public/media/325E.png)"], "category": "diagram-classification", "id": 8}, {"stem": "Choose the figure which is different from the rest.", "options": ["![](T316-411-public/media/326A.png)", "![](T316-411-public/media/326B.png)", "![](T316-411-public/media/326C.png)", "![](T316-411-public/media/326D.png)", "![](T316-411-public/media/326E.png)"], "category": "diagram-classification", "id": 9}, {"stem": "Choose the figure which is different from the rest.", "options": ["![](T316-411-public/media/327A.png)", "![](T316-411-public/media/327B.png)", "![](T316-411-public/media/327C.png)", "![](T316-411-public/media/327D.png)", "![](T316-411-public/media/327E.png)"], "category": "diagram-classification", "id": 10}, {"stem": "Choose the figure which is different from the rest.", "options": ["![](T316-411-public/media/328A.png)", "![](T316-411-public/media/328B.png)", "![](T316-411-public/media/328C.png)", "![](T316-411-public/media/328D.png)", "![](T316-411-public/media/328E.png)"], "category": "diagram-classification", "id": 11}, {"stem": "Choose the figure which is different from the rest.", "options": ["![](T316-411-public/media/329A.png)", "![](T316-411-public/media/329B.png)", "![](T316-411-public/media/329C.png)", "![](T316-411-public/media/329D.png)", "![](T316-411-public/media/329E.png)"], "category": "diagram-classification", "id": 12}, {"stem": "Choose the figure which is different from the rest.", "options": ["![](T316-411-public/media/330A.png)", "![](T316-411-public/media/330B.png)", "![](T316-411-public/media/330C.png)", "![](T316-411-public/media/330D.png)", "![](T316-411-public/media/330E.png)"], "category": "diagram-classification", "id": 13}, {"stem": "Choose the figure which is different from the rest.", "options": ["![](T316-411-public/media/332A.png)", "![](T316-411-public/media/332B.png)", "![](T316-411-public/media/332C.png)", "![](T316-411-public/media/332D.png)", "![](T316-411-public/media/332E.png)"], "category": "diagram-classification", "id": 15}, {"stem": "Choose the figure which is different from the rest.", "options": ["![](T316-411-public/media/333A.png)", "![](T316-411-public/media/333B.png)", "![](T316-411-public/media/333C.png)", "![](T316-411-public/media/333D.png)", "![](T316-411-public/media/333E.png)"], "category": "diagram-classification", "id": 16}, {"stem": "Choose the figure which is different from the rest.", "options": ["![](T316-411-public/media/334A.png)", "![](T316-411-public/media/334B.png)", "![](T316-411-public/media/334C.png)", "![](T316-411-public/media/334D.png)", "![](T316-411-public/media/334E.png)"], "category": "diagram-classification", "id": 17}, {"stem": "Choose the figure which is different from the rest.", "options": ["![](T316-411-public/media/336A.png)", "![](T316-411-public/media/336B.png)", "![](T316-411-public/media/336C.png)", "![](T316-411-public/media/336D.png)", "![](T316-411-public/media/336E.png)"], "category": "diagram-classification", "id": 19}, {"stem": "Choose the figure which is different from the rest.", "options": ["![](T316-411-public/media/337A.png)", "![](T316-411-public/media/337B.png)", "![](T316-411-public/media/337C.png)", "![](T316-411-public/media/337D.png)", "![](T316-411-public/media/337E.png)"], "category": "diagram-classification", "id": 20}, {"stem": "Choose the figure which is different from the rest.", "options": ["![](T316-411-public/media/338A.png)", "![](T316-411-public/media/338B.png)", "![](T316-411-public/media/338C.png)", "![](T316-411-public/media/338D.png)", "![](T316-411-public/media/338E.png)"], "category": "diagram-classification", "id": 21}, {"stem": "Choose the figure which is different from the rest.", "options": ["![](T316-411-public/media/339A.png)", "![](T316-411-public/media/339B.png)", "![](T316-411-public/media/339C.png)", "![](T316-411-public/media/339D.png)", "![](T316-411-public/media/339E.png)"], "category": "diagram-classification", "id": 22}, {"stem": "Choose the figure which is different from the rest.", "options": ["![](T316-411-public/media/340A.png)", "![](T316-411-public/media/340B.png)", "![](T316-411-public/media/340C.png)", "![](T316-411-public/media/340D.png)", "![](T316-411-public/media/340E.png)"], "category": "diagram-classification", "id": 23}, {"stem": "Choose the figure which is different from the rest.", "options": ["![](T316-411-public/media/341A.png)", "![](T316-411-public/media/341B.png)", "![](T316-411-public/media/341C.png)", "![](T316-411-public/media/341D.png)", "![](T316-411-public/media/341E.png)"], "category": "diagram-classification", "id": 24}, {"stem": "Choose the figure which is different from the rest.", "options": ["![](T316-411-public/media/342A.png)", "![](T316-411-public/media/342B.png)", "![](T316-411-public/media/342C.png)", "![](T316-411-public/media/342D.png)", "![](T316-411-public/media/342E.png)"], "category": "diagram-classification", "id": 25}, {"stem": "Choose the figure which is different from the rest.", "options": ["![](T316-411-public/media/343A.png)", "![](T316-411-public/media/343B.png)", "![](T316-411-public/media/343C.png)", "![](T316-411-public/media/343D.png)", "![](T316-411-public/media/343E.png)"], "category": "diagram-classification", "id": 26}, {"stem": "Choose the figure which is different from the rest.", "options": ["![](T316-411-public/media/344A.png)", "![](T316-411-public/media/344B.png)", "![](T316-411-public/media/344C.png)", "![](T316-411-public/media/344D.png)", "![](T316-411-public/media/344E.png)"], "category": "diagram-classification", "id": 27}, {"stem": "Choose the figure which is different from the rest.", "options": ["![](T316-411-public/media/345A.png)", "![](T316-411-public/media/345B.png)", "![](T316-411-public/media/345C.png)", "![](T316-411-public/media/345D.png)", "![](T316-411-public/media/345E.png)"], "category": "diagram-classification", "id": 28}, {"stem": "Choose the figure which is different from the rest.", "options": ["![](T316-411-public/media/346A.png)", "![](T316-411-public/media/346B.png)", "![](T316-411-public/media/346D.png)", "![](T316-411-public/media/346E.png)"], "category": "diagram-classification", "id": 29}, {"stem": "Choose the figure which is different from the rest.", "options": ["![](T316-411-public/media/347A.png)", "![](T316-411-public/media/347B.png)", "![](T316-411-public/media/347C.png)", "![](T316-411-public/media/347D.png)", "![](T316-411-public/media/347E.png)"], "category": "diagram-classification", "id": 30}, {"stem": "Choose the figure which is different from the rest.", "options": ["![](T316-411-public/media/348A.png)", "![](T316-411-public/media/348B.png)", "![](T316-411-public/media/348C.png)", "![](T316-411-public/media/348D.png)", "![](T316-411-public/media/348E.png)"], "category": "diagram-classification", "id": 31}, {"stem": "Choose the figure which is different from the rest.", "options": ["![](T316-411-public/media/349A.png)", "![](T316-411-public/media/349B.png)", "![](T316-411-public/media/349C.png)", "![](T316-411-public/media/349D.png)", "![](T316-411-public/media/349E.png)"], "category": "diagram-classification", "id": 32}, {"stem": "Choose the figure which is different from the rest.", "options": ["![](T316-411-public/media/350A.png)", "![](T316-411-public/media/350B.png)", "![](T316-411-public/media/350C.png)", "![](T316-411-public/media/350D.png)", "![](T316-411-public/media/350E.png)"], "category": "diagram-classification", "id": 33}, {"stem": "Choose the figure which is different from the rest.", "options": ["![](T316-411-public/media/351A.png)", "![](T316-411-public/media/351B.png)", "![](T316-411-public/media/351C.png)", "![](T316-411-public/media/351D.png)", "![](T316-411-public/media/351E.png)"], "category": "diagram-classification", "id": 34}, {"stem": "Choose the figure which is different from the rest.", "options": ["![](T316-411-public/media/352A.png)", "![](T316-411-public/media/352B.png)", "![](T316-411-public/media/352C.png)", "![](T316-411-public/media/352D.png)", "![](T316-411-public/media/352E.png)"], "category": "diagram-classification", "id": 35}, {"stem": "Choose the figure which is different from the rest.", "options": ["![](T316-411-public/media/353A.png)", "![](T316-411-public/media/353B.png)", "![](T316-411-public/media/353C.png)", "![](T316-411-public/media/353D.png)", "![](T316-411-public/media/353E.png)"], "category": "diagram-classification", "id": 36}, {"stem": "Choose the figure which is different from the rest.", "options": ["![](T316-411-public/media/354A.png)", "![](T316-411-public/media/354B.png)", "![](T316-411-public/media/354C.png)", "![](T316-411-public/media/354D.png)", "![](T316-411-public/media/354E.png)"], "category": "diagram-classification", "id": 37}, {"stem": "Choose the figure which is different from the rest.", "options": ["![](T316-411-public/media/355A.png)", "![](T316-411-public/media/355B.png)", "![](T316-411-public/media/355C.png)", "![](T316-411-public/media/355D.png)", "![](T316-411-public/media/355E.png)"], "category": "diagram-classification", "id": 38}, {"stem": "Choose the figure which is different from the rest.", "options": ["![](T316-411-public/media/356A.png)", "![](T316-411-public/media/356B.png)", "![](T316-411-public/media/356C.png)", "![](T316-411-public/media/356D.png)", "![](T316-411-public/media/356E.png)"], "category": "diagram-classification", "id": 39}, {"stem": "Choose the figure which is different from the rest.", "options": ["![](T316-411-public/media/357A.png)", "![](T316-411-public/media/357B.png)", "![](T316-411-public/media/357C.png)", "![](T316-411-public/media/357D.png)", "![](T316-411-public/media/357E.png)"], "category": "diagram-classification", "id": 40}, {"stem": "Choose the figure which is different from the rest.", "options": ["![](T316-411-public/media/358A.png)", "![](T316-411-public/media/358B.png)", "![](T316-411-public/media/358C.png)", "![](T316-411-public/media/358D.png)", "![](T316-411-public/media/358E.png)"], "category": "diagram-classification", "id": 41}, {"stem": "Choose the figure which is different from the rest.", "options": ["![](T316-411-public/media/359A.png)", "![](T316-411-public/media/359B.png)", "![](T316-411-public/media/359C.png)", "![](T316-411-public/media/359D.png)", "![](T316-411-public/media/359E.png)"], "category": "diagram-classification", "id": 42}, {"stem": "Choose the figure which is different from the rest.", "options": ["![](T316-411-public/media/360A.png)", "![](T316-411-public/media/360B.png)", "![](T316-411-public/media/360C.png)", "![](T316-411-public/media/360D.png)", "![](T316-411-public/media/360E.png)"], "category": "diagram-classification", "id": 43}, {"stem": "Choose the figure which is different from the rest.", "options": ["![](T316-411-public/media/361A.png)", "![](T316-411-public/media/361B.png)", "![](T316-411-public/media/361C.png)", "![](T316-411-public/media/361D.png)", "![](T316-411-public/media/361E.png)"], "category": "diagram-classification", "id": 44}, {"stem": "Choose the figure which is different from the rest.", "options": ["![](T316-411-public/media/362A.png)", "![](T316-411-public/media/362B.png)", "![](T316-411-public/media/362C.png)", "![](T316-411-public/media/362D.png)", "![](T316-411-public/media/362E.png)"], "category": "diagram-classification", "id": 45}, {"stem": "Choose the figure which is different from the rest.", "options": ["![](T316-411-public/media/363A.png)", "![](T316-411-public/media/363B.png)", "![](T316-411-public/media/363C.png)", "![](T316-411-public/media/363D.png)", "![](T316-411-public/media/363E.png)"], "category": "diagram-classification", "id": 46}, {"stem": "Choose the figure which is different from the rest.", "options": ["![](T316-411-public/media/364A.png)", "![](T316-411-public/media/364B.png)", "![](T316-411-public/media/364C.png)", "![](T316-411-public/media/364D.png)", "![](T316-411-public/media/364E.png)"], "category": "diagram-classification", "id": 47}, {"stem": "Choose the figure which is different from the rest.", "options": ["![](T316-411-public/media/365A.png)", "![](T316-411-public/media/365B.png)", "![](T316-411-public/media/365C.png)", "![](T316-411-public/media/365D.png)", "![](T316-411-public/media/365E.png)"], "category": "diagram-classification", "id": 48}, {"stem": "Choose the figure which is different from the rest.", "options": ["![](T316-411-public/media/366A.png)", "![](T316-411-public/media/366B.png)", "![](T316-411-public/media/366C.png)", "![](T316-411-public/media/366D.png)", "![](T316-411-public/media/366E.png)"], "category": "diagram-classification", "id": 49}, {"stem": "Choose the figure which is different from the rest.", "options": ["![](T316-411-public/media/367A.png)", "![](T316-411-public/media/367B.png)", "![](T316-411-public/media/367C.png)", "![](T316-411-public/media/367D.png)", "![](T316-411-public/media/367E.png)"], "category": "diagram-classification", "id": 50}, {"stem": "Choose the figure which is different from the rest.", "options": ["![](T316-411-public/media/368A.png)", "![](T316-411-public/media/368B.png)", "![](T316-411-public/media/368C.png)", "![](T316-411-public/media/368D.png)", "![](T316-411-public/media/368E.png)"], "category": "diagram-classification", "id": 51}, {"stem": "Choose the figure which is different from the rest.", "options": ["![](T316-411-public/media/369A.png)", "![](T316-411-public/media/369B.png)", "![](T316-411-public/media/369C.png)", "![](T316-411-public/media/369D.png)", "![](T316-411-public/media/369E.png)"], "category": "diagram-classification", "id": 52}, {"stem": "Choose the figure which is different from the rest.", "options": ["![](T316-411-public/media/370A.png)", "![](T316-411-public/media/370B.png)", "![](T316-411-public/media/370C.png)", "![](T316-411-public/media/370D.png)", "![](T316-411-public/media/370E.png)"], "category": "diagram-classification", "id": 53}, {"stem": "Choose the figure which is different from the rest.", "options": ["![](T316-411-public/media/371A.png)", "![](T316-411-public/media/371B.png)", "![](T316-411-public/media/371C.png)", "![](T316-411-public/media/371D.png)", "![](T316-411-public/media/371E.png)"], "category": "diagram-classification", "id": 54}, {"stem": "Choose the figure which is different from the rest.", "options": ["![](T316-411-public/media/372A.png)", "![](T316-411-public/media/372B.png)", "![](T316-411-public/media/372C.png)", "![](T316-411-public/media/372D.png)", "![](T316-411-public/media/372E.png)"], "category": "diagram-classification", "id": 55}, {"stem": "Choose the figure which is different from the rest.", "options": ["![](T316-411-public/media/373A.png)", "![](T316-411-public/media/373B.png)", "![](T316-411-public/media/373C.png)", "![](T316-411-public/media/373D.png)", "![](T316-411-public/media/373E.png)"], "category": "diagram-classification", "id": 56}, {"stem": "Choose the figure which is different from the rest.", "options": ["![](T316-411-public/media/374A.png)", "![](T316-411-public/media/374B.png)", "![](T316-411-public/media/374C.png)", "![](T316-411-public/media/374D.png)", "![](T316-411-public/media/374E.png)"], "category": "diagram-classification", "id": 57}, {"stem": "Choose the figure which is different from the rest.", "options": ["![](T316-411-public/media/375A.png)", "![](T316-411-public/media/375B.png)", "![](T316-411-public/media/375C.png)", "![](T316-411-public/media/375D.png)", "![](T316-411-public/media/375E.png)"], "category": "diagram-classification", "id": 58}, {"stem": "Choose the figure which is different from the rest.", "options": ["![](T316-411-public/media/376A.png)", "![](T316-411-public/media/376B.png)", "![](T316-411-public/media/376C.png)", "![](T316-411-public/media/376D.png)", "![](T316-411-public/media/376E.png)"], "category": "diagram-classification", "id": 59}, {"stem": "Choose the figure which is different from the rest.", "options": ["![](T316-411-public/media/377A.png)", "![](T316-411-public/media/377B.png)", "![](T316-411-public/media/377C.png)", "![](T316-411-public/media/377D.png)", "![](T316-411-public/media/377E.png)"], "category": "diagram-classification", "id": 60}, {"stem": "Choose the figure which is different from the rest.", "options": ["![](T316-411-public/media/378A.png)", "![](T316-411-public/media/378B.png)", "![](T316-411-public/media/378C.png)", "![](T316-411-public/media/378D.png)", "![](T316-411-public/media/378E.png)"], "category": "diagram-classification", "id": 61}, {"stem": "Choose the figure which is different from the rest.", "options": ["![](T316-411-public/media/379A.png)", "![](T316-411-public/media/379B.png)", "![](T316-411-public/media/379C.png)", "![](T316-411-public/media/379D.png)", "![](T316-411-public/media/379E.png)"], "category": "diagram-classification", "id": 62}, {"stem": "Choose the figure which is different from the rest.", "options": ["![](T316-411-public/media/380A.png)", "![](T316-411-public/media/380B.png)", "![](T316-411-public/media/380C.png)", "![](T316-411-public/media/380D.png)", "![](T316-411-public/media/380E.png)"], "category": "diagram-classification", "id": 63}, {"stem": "Choose the figure which is different from the rest.", "options": ["![](T316-411-public/media/382A.png)", "![](T316-411-public/media/382B.png)", "![](T316-411-public/media/382C.png)", "![](T316-411-public/media/382D.png)", "![](T316-411-public/media/382E.png)"], "category": "diagram-classification", "id": 65}, {"stem": "Which number should replace the question mark?\n\n![](T316-411-public/media/383.png)", "options": ["21", "22", "23", "24"], "category": "diagram", "id": 66}, {"stem": "Which number should replace the question mark?\n\n![](T316-411-public/media/384.png)", "options": ["21", "22", "23", "24"], "category": "diagram", "id": 67}, {"stem": "Which number should replace the question mark?\n\n![](T316-411-public/media/385.png)", "options": ["-2", "-2.5", "2", "2.5"], "category": "diagram", "id": 68}, {"stem": "Which number should replace the question mark?\n\n![](T316-411-public/media/386.png)", "options": ["14", "15", "16", "17"], "category": "diagram", "id": 69}, {"stem": "Which number should replace the question mark?\n\n![](T316-411-public/media/388.png)", "options": ["21", "25", "23", "28"], "category": "diagram", "id": 71}, {"stem": "Which number should replace the question mark?\n\n![](T316-411-public/media/389.png)", "options": ["221", "225", "229", "228"], "category": "diagram", "id": 72}, {"stem": "Which number should replace the question mark?\n\n![](T316-411-public/media/390.png)", "options": ["60", "55", "69", "78"], "category": "diagram", "id": 73}, {"stem": "Which number should replace the question mark?\n\n![](T316-411-public/media/391.png)", "options": ["26", "27", "28", "29"], "category": "diagram", "id": 74}, {"stem": "Which pattern should replace the question mark?\n\n![](T316-411-public/media/392.png)", "options": ["![](T316-411-public/media/392A.png)", "![](T316-411-public/media/392B.png)", "![](T316-411-public/media/392C.png)", "![](T316-411-public/media/392D.png)"], "category": "diagram", "id": 75}, {"stem": "Which pattern should replace the question mark?\n\n![](T316-411-public/media/393.png)", "options": ["![](T316-411-public/media/393A.png)", "![](T316-411-public/media/393B.png)", "![](T316-411-public/media/393C.png)", "![](T316-411-public/media/393D.png)"], "category": "diagram", "id": 76}, {"stem": "Which pattern should replace the question mark?\n\n![](T316-411-public/media/394.png)", "options": ["![](T316-411-public/media/394A.png)", "![](T316-411-public/media/394B.png)", "![](T316-411-public/media/394C.png)", "![](T316-411-public/media/394D.png)"], "category": "diagram", "id": 77}, {"stem": "Which pattern should replace the question mark?\n\n![](T316-411-public/media/395.png)", "options": ["![](T316-411-public/media/395A.png)", "![](T316-411-public/media/395B.png)", "![](T316-411-public/media/395C.png)"], "category": "diagram", "id": 78}, {"stem": "Which pattern should replace the question mark?\n\n![](T316-411-public/media/396.png)", "options": ["![](T316-411-public/media/396A.png)", "![](T316-411-public/media/396B.png)", "![](T316-411-public/media/396C.png)", "![](T316-411-public/media/396D.png)"], "category": "diagram", "id": 79}, {"stem": "Which pattern should replace the question mark?\n\n![](T316-411-public/media/397.png)", "options": ["![](T316-411-public/media/397A.png)", "![](T316-411-public/media/397B.png)", "![](T316-411-public/media/397C.png)", "![](T316-411-public/media/397D.png)"], "category": "diagram", "id": 80}, {"stem": "Which pattern should replace the question mark?\n\n![](T316-411-public/media/398.png)", "options": ["![](T316-411-public/media/398A.png)", "![](T316-411-public/media/398B.png)", "![](T316-411-public/media/398C.png)", "![](T316-411-public/media/398D.png)"], "category": "diagram", "id": 81}, {"stem": "Which pattern should replace the question mark?\n\n![](T316-411-public/media/399.png)", "options": ["![](T316-411-public/media/399A.png)", "![](T316-411-public/media/399B.png)", "![](T316-411-public/media/399C.png)", "![](T316-411-public/media/399D.png)"], "category": "diagram", "id": 82}, {"stem": "Which pattern should replace the question mark?\n\n![](T316-411-public/media/401.png)", "options": ["![](T316-411-public/media/401A.png)", "![](T316-411-public/media/401B.png)", "![](T316-411-public/media/401C.png)", "![](T316-411-public/media/401D.png)"], "category": "diagram", "id": 84}, {"stem": "Which pattern should replace the question mark?\n\n![](T316-411-public/media/402.png)", "options": ["![](T316-411-public/media/402A.png)", "![](T316-411-public/media/402B.png)", "![](T316-411-public/media/402C.png)", "![](T316-411-public/media/402D.png)"], "category": "diagram", "id": 85}, {"stem": "Which pattern should replace the question mark?\n\n![](T316-411-public/media/404.png)", "options": ["![](T316-411-public/media/404A.png)", "![](T316-411-public/media/404B.png)", "![](T316-411-public/media/404C.png)", "![](T316-411-public/media/404D.png)"], "category": "diagram", "id": 87}, {"stem": "Which symbol in the Answer Figure completes the sequence in the Problem Figure ?\n\n![](T316-411-public/media/405.png)", "options": ["![](T316-411-public/media/405A.png)", "![](T316-411-public/media/405B.png)", "![](T316-411-public/media/405C.png)", "![](T316-411-public/media/405D.png)"], "category": "diagram", "id": 88}, {"stem": "Which two pictures are identical?\n\n![](T316-411-public/media/406.png)", "options": ["AC", "BC", "CE", "BE"], "category": "diagram", "id": 89}, {"stem": "Which of the complete shapes can be made from the components shown?\n\n![](T316-411-public/media/407.png)", "options": ["![](T316-411-public/media/407A.png)", "![](T316-411-public/media/407B.png)", "![](T316-411-public/media/407C.png)", "![](T316-411-public/media/407D.png)"], "category": "diagram", "id": 90}, {"stem": "Which of the solid shapes shown could be made from the pattern?\n\n![](T316-411-public/media/408.png)", "options": ["![](T316-411-public/media/408A.png)", "![](T316-411-public/media/408B.png)", "![](T316-411-public/media/408C.png)", "![](T316-411-public/media/408D.png)"], "category": "diagram", "id": 91}, {"stem": "Which is the missing section?\n\n![](T316-411-public/media/409.png)", "options": ["![](T316-411-public/media/409A.png)", "![](T316-411-public/media/409B.png)", "![](T316-411-public/media/409C.png)", "![](T316-411-public/media/409D.png)"], "category": "diagram-sequence", "id": 92}, {"stem": "Which number should replace the question mark?\n\n![](T316-411-public/media/410.png)", "options": ["2", "4", "6", "8"], "category": "diagram-sequence", "id": 93}, {"stem": "Which is the missing tile?\n\n![](T316-411-public/media/411.png)", "options": ["![](T316-411-public/media/411A.png)", "![](T316-411-public/media/411B.png)", "![](T316-411-public/media/411C.png)", "![](T316-411-public/media/411D.png)", "3. ![](T316-411-public/media/411E.png)", "4. ![](T316-411-public/media/411F.png)"], "category": "diagram", "id": 94}]