{
  "0": {
    "answer": [0],
    "hint": "Analogy, rule is \"1 3 2\" from top to tail"
  },
  "1": {
    "answer": [1],
    "hint": "496\\*2=992, 287\\*2=574. Therefore, 358\\*2=716."
  },
  "2": {
    "answer": [1],
    "hint": "Viewed by rows, each stage the black dot rotates 45 degrees clockwise; viewed by columns, each stage the black dot rotates 45 degrees counter-clockwise."
  },
  "3": {
    "answer": [0],
    "hint": "The numbers in the first row decreases by 1; the second row by 3; the third row by 5; the fourth row by 4."
  },
  "4": {
    "answer": [1],
    "hint": "The black dot rotates counter-clockwise; the curve rotates clockwise; the straight line rotates clockwise."
  },
  "5": {
    "answer": [1],
    "hint": "Decrease by order 2.75, 5.5, 8.25, 11……, i.e., each time the decreased number +2.75."
  },
  "6": {
    "answer": [4],
    "hint": "NULL"
  },
  "7": {
    "answer": [1],
    "hint": "The numbers at the odd positions of the sequence increase by 3, while the numbers at the even decrease by 4."
  },
  "8": {
    "answer": [5],
    "hint": "The first two figures in each row form the third figure by the rule of “getting rid of the same and keeping the different”."
  },
  "9": {
    "answer": [1],
    "hint": "5=(9+8)-(5+7); 18=(15+11)-(2+6). Therefore, (6 + 17) – (5 + 9)=9."
  },
  "10": {
    "answer": [1],
    "hint": "The white circles in the “row” always move in the “row”, and each time move one position; the white circles in the “column” follow the same rule; if superposition happens at some position, then only one white circle is showed (merge)."
  },
  "11": {
    "answer": [2],
    "hint": "Analogy, 4\\*7=28；8\\*11=88. Therefore, 12\\*7=84.Also, 21=2+7+8+4; 8+8+8+11=35. Therefore, 8+12+4+7=31."
  },
  "12": {
    "answer": [1],
    "hint": "The right part includes the same figures as the left, but the color is the opposite (complementation)."
  },
  "13": {
    "answer": [1],
    "hint": "5749827+3864759=9614586."
  },
  "14": {
    "answer": [4],
    "hint": "Viewed by columns, the first two figures forms the third figure by the rule of “removing the same and keeping the difference”."
  },
  "15": {
    "answer": [1],
    "hint": "The sequence of numbers increases by the loop pattern of +1, +2, +3, +1."
  },
  "16": {
    "answer": [1],
    "hint": "Viewed by rows, the letter in the alphabet jumped forward +2, +3."
  },
  "17": {
    "answer": [2],
    "hint": "The numbers in the first row decrease by 19, and the second row by 31."
  },
  "18": {
    "answer": [1],
    "hint": "The sums of all the numbers in a column are by order 20, 30, 20, 30, 20, 30."
  },
  "19": {
    "answer": [5],
    "hint": "Analogy, and whether colored or not remains the same."
  },
  "20": {
    "answer": [3],
    "hint": "Viewed downward, the number of circles -1 and the color state remains the same."
  },
  "21": {
    "answer": [2],
    "hint": "The black block at the bottom moves up one block each time, and the block at the top moves left one block each time."
  },
  "22": {
    "answer": "12.25",
    "hint": "The number increases by 1.25, 1.5, 1.75, 2, 2.25, 2.5."
  },
  "23": {
    "answer": [4],
    "hint": "Viewed by columns, the number increases, but the shape does not change."
  },
  "25": {
    "answer": [0],
    "hint": "The second row increases by 4, the third row by 6, and the fourth row by 8."
  },
  "26": {
    "answer": [1],
    "hint": "The sum of all the numbers in the shadow of each hexagon is half of the sum of all the numbers in the other part."
  },
  "27": {
    "answer": [1],
    "hint": "Throw away the biggest and the smallest number of the digits, e.g.: 3182596 becomes 38256. Then reverse it and get 65283."
  },
  "28": {
    "answer": [1],
    "hint": "The sequence increases by 27."
  },
  "29": {
    "answer": [1],
    "hint": "Every line increases by 4, and every column by 3."
  },
  "30": {
    "answer": [4],
    "hint": "E includes the same figure elements as the figure in the question."
  },
  "31": {
    "answer": [1],
    "hint": "The sum of all the numbers in the row or in the column is 18."
  },
  "32": {
    "answer": [1],
    "hint": "The sum of numbers at diagonal positions is 15."
  },
  "33": {
    "answer": [2],
    "hint": "Notice the change of line segments on the left and right side."
  },
  "34": {
    "answer": [3],
    "hint": "The latter two graphics need to change the same way as the changes in the first two graphics."
  },
  "35": {
    "answer": [2],
    "hint": "Similar to 3+5=8,5+7=12. So 8 + 9 = 17; 7 + 6 = 13."
  },
  "36": {
    "answer": [2],
    "hint": "decrease progressively ruled by 0.5, 1, 1.5, 2, 2.5, 3, 3.5……"
  },
  "37": {
    "answer": [1],
    "hint": "Other graphics can find the same graphic."
  },
  "38": {
    "answer": [2],
    "hint": "The other graphs are all the same."
  },
  "39": {
    "answer": [3],
    "hint": "NULL"
  },
  "40": {
    "answer": [2],
    "hint": "Looking at the line (horizontal view), the first two figures synthesize the third figure according to the rule of “going to the same place”."
  },
  "41": {
    "answer": [2],
    "hint": "Analogy graphics change the law."
  },
  "42": {
    "answer": [1],
    "hint": "White or stripes alternately show up, and rotates at each stage."
  },
  "43": {
    "answer": [2],
    "hint": "Odd number increase according to the regular pattern of +4, even number decrease according to the regular pattern of -3."
  },
  "44": {
    "answer": [3],
    "hint": "Black point is in a triangular."
  },
  "45": {
    "answer": [2],
    "hint": "5\\*14=70,7\\*13=91. Likewise, 5\\*24=120."
  },
  "46": {
    "answer": [1],
    "hint": "Sum of the numbers in the circle is 100."
  },
  "47": {
    "answer": [3],
    "hint": "Each row and column contains one line of each type."
  },
  "48": {
    "answer": [2],
    "hint": "NULL"
  },
  "49": {
    "answer": [3],
    "hint": "NULL"
  },
  "50": {
    "answer": [0],
    "hint": "The key to these questions is to remember that only three faces of the cube can be shown in the illustration, this means that you need only to consider the relationship between the three visible elements on each cube and see if the same relationship exists in the pattern."
  },
  "51": {
    "answer": [1],
    "hint": "NULL"
  },
  "52": {
    "answer": [5],
    "hint": "Rotate for 180 degrees."
  },
  "53": {
    "answer": [2],
    "hint": "Similar to: 2\\*4=8, 3\\*6=18. Or 4+8=12,6+18=24. Thus, 3\\*8=24."
  },
  "54": {
    "answer": [1],
    "hint": "analogy"
  },
  "55": {
    "answer": [2],
    "hint": "1 × 2 + 1 = 3; 3 × 3 + 2 = 11; 11 × 4 + 3 = 47; 47 × 5 + 4 = 239。"
  },
  "56": {
    "answer": [2],
    "hint": "The diagonal triangles are complementary in black and white."
  },
  "57": {
    "answer": [3],
    "hint": "The number subtracted each time increases by 2.75.Which is: 2.75, 5.5, 8.25, 11."
  },
  "58": {
    "answer": [5],
    "hint": "Other graphics can find the same graphic."
  },
  "59": {
    "answer": [2],
    "hint": "All the other graphs are the same, but the black point in C is in the wrong position."
  },
  "60": {
    "answer": [2],
    "hint": "Similar to 12÷3\\*2=8, 24÷6\\*7=28. Which is 32÷8\\*9=36."
  },
  "61": {
    "answer": [2],
    "hint": "The sum of numbers in each pyramid which is combined by three blocks is 21, for example, 7 + 5 + 9 = 21, 5 + 8 + 8 = 21, 8 + 7 + 6 = 21, so 21 – 4 – 6 = 11."
  },
  "62": {
    "answer": [0],
    "hint": "NULL"
  },
  "63": {
    "answer": [3],
    "hint": "Compared with ……"
  },
  "64": {
    "answer": [3],
    "hint": "Each row and column contains the same graphic, line elements."
  },
  "65": {
    "answer": [2],
    "hint": "Similar to 4+5=9, 2+6=8; 3+4=7, 2+3=5. Thus, 4+5=9."
  },
  "66": {
    "answer": [0],
    "hint": "The fourth graph is formed buy the first and second graph, the fifth graph is formed buy the first and third graph, The sixth graph is formed buy the second and third graph."
  },
  "67": {
    "answer": [2],
    "hint": "The series is incremented by the law of +1.65."
  },
  "68": {
    "answer": [3],
    "hint": "A line is discarded if it segment in each line of graphics repeats in the same position of an even number of graphics; and exists if it repeats in the same position of an odd number of graphics. Finally, the synthesized graphics need to be consistent with the graphics in the first row."
  },
  "69": {
    "answer": [1],
    "hint": "3white+1black=black，3black+1white=white，others null……"
  },
  "70": {
    "answer": [1],
    "hint": "similar as56÷8\\*5=35, 42÷14\\*5=15. therfore，36÷4\\*5=45."
  },
  "71": {
    "answer": [2],
    "hint": "every innner pattern rotates 45 clockwise in each stage."
  },
  "72": {
    "answer": [1],
    "hint": "other patterns are the same."
  },
  "73": {
    "answer": [2],
    "hint": "similar tos37-25=12, 4\\*12=48, 48÷12=4; 87-51=36, 36\\*2=72, 72÷36=2."
  },
  "74": {
    "answer": [1],
    "hint": "analogy"
  },
  "75": {
    "answer": [0],
    "hint": "the sums of each row of numbers are 6、7、8、9、10 successively."
  },
  "76": {
    "answer": [3],
    "hint": "the wings of E fold in to transform to A, the wings of B fold in to transform as C."
  },
  "77": {
    "answer": [2],
    "hint": "the number of every row in each sudoku add to 30, therefore 17+9+4=30."
  },
  "78": {
    "answer": [1],
    "hint": "????"
  },
  "79": {
    "answer": [3],
    "hint": "others are the same pattern."
  },
  "80": {
    "answer": [3],
    "hint": "the white circle rotates 90 anticlockwise per stage, while black circle and line rotate 45 clockwise per stage."
  },
  "81": {
    "answer": [0],
    "hint": "white circle moves up and down while black circle moves circular."
  },
  "82": {
    "answer": [2],
    "hint": ""
  },
  "83": {
    "answer": [2],
    "hint": "similar to 93+95=188, 188÷4=47. Therefore，52+64=116,116÷4=29."
  },
  "84": {
    "answer": [2],
    "hint": "others are the same"
  },
  "85": {
    "answer": [2],
    "hint": "similar to 3\\*4\\*3=36, 7\\*2\\*1=14, 6\\*4\\*2=48. Thus，9\\*3\\*1=27. 3=6÷2, 1=2÷2."
  },
  "86": {
    "answer": [2],
    "hint": "Not considering the order of little pattern, A, E are the same and B, E are the same."
  },
  "88": {
    "answer": [3],
    "hint": "the first row and the third row are symmetric, the second row and the forth row symmetric."
  },
  "89": {
    "answer": [0],
    "hint": "analogy"
  },
  "90": {
    "answer": [1],
    "hint": "every two rows only contain one similar pattern, other two change the outer part and remain the inner part."
  },
  "91": {
    "answer": [1],
    "hint": "every triangle contains 1、2、3、4、5、6、7、8、9."
  },
  "92": {
    "answer": [3],
    "hint": "1<sup>st</sup> array and 2<sup>nd</sup> array : black +black =white, white+ white =black, other parts are null to make 3<sup>rd</sup> array."
  },
  "93": {
    "answer": [3],
    "hint": "the arrow points to East, South, West and North."
  },
  "94": {
    "answer": [2],
    "hint": "508. Which is the missing segment?"
  },
  "95": {
    "answer": [3],
    "hint": "the first and the third columns contain identical patterns while the second and the forth also contain the same patterns."
  },
  "96": {
    "answer": [2],
    "hint": "analogy ……"
  },
  "97": {
    "answer": [2],
    "hint": "the elements that are white remain still, while black elements flip and turn into white."
  },
  "98": {
    "answer": [1],
    "hint": "watch at each row, the first two patterns follow “save the different part and take away the he identical part” rule and form the third pattern. Watch at each column, the first two patterns follow “save the different part and take away the he identical part” rule and form the third pattern."
  },
  "99": {
    "answer": [0],
    "hint": "whatever watch it as row or column, the first two patterns follow the rule “white + white = black, black + black = white, where the others are null.” To form the third patten."
  },
  "100": {
    "answer": [1],
    "hint": "the numbers at the bottom of each pattern is the like: 3=2+1，8=7+1."
  },
  "101": {
    "answer": [2],
    "hint": "Starting from the first pattern, at every stage, the right triangle move forward to the left with 1/3 length."
  }
}
