[{"stem": "![](T412-516-public/media/412-1.png) is to: ![](T412-516-public/media/412-2.png) as: ![](T412-516-public/media/412-3.png) is to:", "options": ["![](T412-516-public/media/412A.png)", "![](T412-516-public/media/412B.png)", "![](T412-516-public/media/412C.png)", "![](T412-516-public/media/412D.png)", "![](T412-516-public/media/412E.png)"], "category": "logic", "id": 0}, {"stem": "What number should replace the question mark?\n\n![](T412-516-public/media/413.png)", "options": ["2", "1", "3", "4"], "category": "logic", "id": 1}, {"stem": "Which is the missing tile?\n\n![](T412-516-public/media/414.png)", "options": ["![](T412-516-public/media/414A.png)", "![](T412-516-public/media/414B.png)", "![](T412-516-public/media/414C.png)", "![](T412-516-public/media/414D.png)", "![](T412-516-public/media/414E.png)"], "category": "logic", "id": 2}, {"stem": "Which is the missing section?\n\n![](T412-516-public/media/415.png)", "options": ["![](T412-516-public/media/415A.png)", "![](T412-516-public/media/415B.png)", "![](T412-516-public/media/415C.png)", "![](T412-516-public/media/415D.png)"], "category": "logic", "id": 3}, {"stem": "What comes next in the above sequence?\n\n![](T412-516-public/media/416.png)", "options": ["![](T412-516-public/media/416A.png)", "![](T412-516-public/media/416B.png)", "![](T412-516-public/media/416C.png)", "![](T412-516-public/media/416D.png)", "![](T412-516-public/media/416E.png)"], "category": "logic", "id": 4}, {"stem": "What number should replace the question mark?\n\n![](T412-516-public/media/417.png)", "options": ["75", "72.5", "77.5"], "category": "logic", "id": 5}, {"stem": "What comes next?\n\n![](T412-516-public/media/418.png)", "options": ["![](T412-516-public/media/418A.png)", "![](T412-516-public/media/418B.png)", "![](T412-516-public/media/418C.png)", "![](T412-516-public/media/418D.png)", "![](T412-516-public/media/418E.png)", "![](T412-516-public/media/418F.png)"], "category": "logic", "id": 6}, {"stem": "What number should replace the question mark?\n\n![](T412-516-public/media/419.png)", "options": ["72", "83", "66", "77"], "category": "logic", "id": 7}, {"stem": "Which is the missing tile?\n\n![](T412-516-public/media/420.png)", "options": ["![](T412-516-public/media/420A.png)", "![](T412-516-public/media/420B.png)", "![](T412-516-public/media/420C.png)", "![](T412-516-public/media/420D.png)", "![](T412-516-public/media/420E.png)", "![](T412-516-public/media/420F.png)"], "category": "logic", "id": 8}, {"stem": "What number should replace the question mark?\n\n![](T412-516-public/media/421.png)", "options": ["15", "9", "7", "10"], "category": "logic", "id": 9}, {"stem": "Which is missing?\n\n![](T412-516-public/media/422.png)", "options": ["![](T412-516-public/media/422A.png)", "![](T412-516-public/media/422B.png)", "![](T412-516-public/media/422C.png)", "![](T412-516-public/media/422D.png)", "![](T412-516-public/media/422E.png)"], "category": "logic", "id": 10}, {"stem": "What numbers should replace the question marks?\n\n![](T412-516-public/media/423.png)", "options": ["29, 2", "30, 3", "31, 4", "32, 5"], "category": "logic", "id": 11}, {"stem": "Which shield below has most in common with the shield above?\n\n![](T412-516-public/media/424.png)", "options": ["![](T412-516-public/media/424A.png)", "![](T412-516-public/media/424B.png)", "![](T412-516-public/media/424C.png)", "![](T412-516-public/media/424D.png)", "![](T412-516-public/media/424E.png)"], "category": "logic", "id": 12}, {"stem": "What number should replace the question mark?\n\n![](T412-516-public/media/425.png)", "options": ["5", "6", "7", "8"], "category": "logic", "id": 13}, {"stem": "Which is the missing tile?\n\n![](T412-516-public/media/426.png)", "options": ["![](T412-516-public/media/426A.png)", "![](T412-516-public/media/426B.png)", "![](T412-516-public/media/426C.png)", "![](T412-516-public/media/426D.png)", "![](T412-516-public/media/426E.png)"], "category": "logic", "id": 14}, {"stem": "What numbers should replace the question marks?\n\n![](T412-516-public/media/427.png)", "options": ["20", "19", "21"], "category": "logic", "id": 15}, {"stem": "What numbers should replace the question marks?\n\n![](T412-516-public/media/428.png)", "options": ["![](T412-516-public/media/428A.png)", "![](T412-516-public/media/428B.png)", "![](T412-516-public/media/428C.png)", "![](T412-516-public/media/428D.png)"], "category": "logic", "id": 16}, {"stem": "What numbers should replace the question marks?\n\n![](T412-516-public/media/429.png)", "options": ["26, 04", "25, 03", "26, 03"], "category": "logic", "id": 17}, {"stem": "What number should replace the question mark?\n\n![](T412-516-public/media/430.png)", "options": ["5", "6", "7", "8"], "category": "logic", "id": 18}, {"stem": "![](T412-516-public/media/431-1.png) is to: ![](T412-516-public/media/431-2.png) as: ![](T412-516-public/media/431-3.png) is to:", "options": ["![](T412-516-public/media/431A.png)", "![](T412-516-public/media/431B.png)", "![](T412-516-public/media/431C.png)", "![](T412-516-public/media/431D.png)", "![](T412-516-public/media/431E.png)", "![](T412-516-public/media/431F.png)"], "category": "logic", "id": 19}, {"stem": "Which is the missing tile?\n\n![](T412-516-public/media/432.png)", "options": ["![](T412-516-public/media/432A.png)", "![](T412-516-public/media/432B.png)", "![](T412-516-public/media/432C.png)", "![](T412-516-public/media/432D.png)", "![](T412-516-public/media/432E.png)"], "category": "logic", "id": 20}, {"stem": "Which is missing?\n\n![](T412-516-public/media/433.png)", "options": ["![](T412-516-public/media/433A.png)", "![](T412-516-public/media/433B.png)", "![](T412-516-public/media/433C.png)", "![](T412-516-public/media/433D.png)", "![](T412-516-public/media/433E.png)"], "category": "logic", "id": 21}, {"stem": "What number should replace the question mark?\n\n![](T412-516-public/media/434.png)", "options": [], "category": "logic", "id": 22}, {"stem": "Which is the missing tile?\n\n![](T412-516-public/media/435.png)", "options": ["![](T412-516-public/media/435A.png)", "![](T412-516-public/media/435B.png)", "![](T412-516-public/media/435C.png)", "![](T412-516-public/media/435D.png)", "![](T412-516-public/media/435E.png)", "![](T412-516-public/media/435F.png)"], "category": "logic", "id": 23}, {"stem": "Which is the missing section?\n\n![](T412-516-public/media/437.png)", "options": ["![](T412-516-public/media/437A.png)", "![](T412-516-public/media/437B.png)", "![](T412-516-public/media/437C.png)", "![](T412-516-public/media/437D.png)"], "category": "logic", "id": 25}, {"stem": "What number should replace the question mark?\n\n![](T412-516-public/media/439.png)", "options": ["1", "2", "3", "4"], "category": "logic", "id": 26}, {"stem": "3182596 is to 65283 and 6742835 is to 53476 therefore 7496258 is to ?", "options": ["85947", "85647", "69472"], "category": "logic", "id": 27}, {"stem": "What number should replace the question mark?\n\n![](T412-516-public/media/441.png)", "options": ["80", "81", "82", "79"], "category": "logic", "id": 28}, {"stem": "Which section is missing?\n\n![](T412-516-public/media/442.png)", "options": ["![](T412-516-public/media/442A.png)", "![](T412-516-public/media/442B.png)", "![](T412-516-public/media/442C.png)", "![](T412-516-public/media/442D.png)"], "category": "logic", "id": 29}, {"stem": "![](T412-516-public/media/443.png)\n\nWhich shield below has most in common with the shield above?", "options": ["![](T412-516-public/media/443A.png)", "![](T412-516-public/media/443B.png)", "![](T412-516-public/media/443C.png)", "![](T412-516-public/media/443D.png)", "![](T412-516-public/media/443E.png)"], "category": "logic", "id": 30}, {"stem": "What number should replace the question mark?\n\n![](T412-516-public/media/444.png)", "options": ["3", "4", "5", "6"], "category": "logic", "id": 31}, {"stem": "What number should replace the question mark?\n\n![](T412-516-public/media/445.png)", "options": ["12", "13", "14", "16"], "category": "logic", "id": 32}, {"stem": "What comes next?\n\n![](T412-516-public/media/446.png)", "options": ["![](T412-516-public/media/446A.png)", "![](T412-516-public/media/446B.png)", "![](T412-516-public/media/446C.png)", "![](T412-516-public/media/446D.png)", "![](T412-516-public/media/446E.png)"], "category": "logic", "id": 33}, {"stem": "What comes next?\n\n![](T412-516-public/media/447.png)", "options": ["![](T412-516-public/media/447A.png)", "![](T412-516-public/media/447B.png)", "![](T412-516-public/media/447C.png)", "![](T412-516-public/media/447D.png)", "![](T412-516-public/media/447E.png)"], "category": "logic", "id": 34}, {"stem": "What number should replace the question mark?\n\n![](T412-516-public/media/448.png)", "options": ["13", "15", "17", "16"], "category": "logic", "id": 35}, {"stem": "What number should replace the question mark?\n\n![](T412-516-public/media/449.png)", "options": ["88", "87.5", "86", "89"], "category": "logic", "id": 36}, {"stem": "Which is the odd one out?\n\n![](T412-516-public/media/450.png)", "options": ["3", "7", "11", "15"], "category": "Logic", "id": 37}, {"stem": "Which is the odd one out?", "options": ["![](T412-516-public/media/451A.png)", "![](T412-516-public/media/451B.png)", "![](T412-516-public/media/451C.png)", "![](T412-516-public/media/451D.png)", "![](T412-516-public/media/451E.png)"], "category": "logic", "id": 38}, {"stem": "Which pentagon should replace the question mark?\n\n![](T412-516-public/media/452.png)", "options": ["![](T412-516-public/media/452A.png)", "![](T412-516-public/media/452B.png)", "![](T412-516-public/media/452C.png)", "![](T412-516-public/media/452D.png)", "![](T412-516-public/media/452E.png)"], "category": "logic", "id": 39}, {"stem": "Which is the missing tile?\n\n![](T412-516-public/media/453.png)", "options": ["![](T412-516-public/media/453A.png)", "![](T412-516-public/media/453B.png)", "![](T412-516-public/media/453C.png)", "![](T412-516-public/media/453D.png)", "![](T412-516-public/media/453E.png)"], "category": "logic", "id": 40}, {"stem": "Which is the missing square?\n\n![](T412-516-public/media/454.png)", "options": ["![](T412-516-public/media/454A.png)", "![](T412-516-public/media/454B.png)", "![](T412-516-public/media/454C.png)", "![](T412-516-public/media/454D.png)", "![](T412-516-public/media/454E.png)", "![](T412-516-public/media/454F.png)"], "category": "logic", "id": 41}, {"stem": "Which figure is missing?\n\n![](T412-516-public/media/455.png)", "options": ["![](T412-516-public/media/455A.png)", "![](T412-516-public/media/455B.png)", "![](T412-516-public/media/455C.png)", "![](T412-516-public/media/455D.png)", "![](T412-516-public/media/455E.png)"], "category": "logic", "id": 42}, {"stem": "What number should replace the question mark?\n\n![](T412-516-public/media/456.png)", "options": ["4", "10", "25", "11"], "category": "logic", "id": 43}, {"stem": "Which square below has most in common with the square above?\n\n![](T412-516-public/media/457.png)", "options": ["![](T412-516-public/media/457A.png)", "![](T412-516-public/media/457B.png)", "![](T412-516-public/media/457C.png)", "![](T412-516-public/media/457D.png)", "![](T412-516-public/media/457E.png)"], "category": "logic", "id": 44}, {"stem": "What number should replace the question mark?\n\n![](T412-516-public/media/458.png)", "options": ["12", "96", "5", "2"], "category": "logic", "id": 45}, {"stem": "What number should replace the question mark?\n\n![](T412-516-public/media/459.png)", "options": ["12", "13", "14", "15"], "category": "logic", "id": 46}, {"stem": "Which of the Answer Figures fits the missing space in the Question Figure?\n\n![](T412-516-public/media/460.png)", "options": ["![](T412-516-public/media/460A.png)", "![](T412-516-public/media/460B.png)", "![](T412-516-public/media/460C.png)", "![](T412-516-public/media/460D.png)"], "category": "diagram", "id": 47}, {"stem": "Which of the Answer Figures is a rotation of the Question Figure?\n\n![](T412-516-public/media/461.png)", "options": ["![](T412-516-public/media/461A.png)", "![](T412-516-public/media/461B.png)", "![](T412-516-public/media/461C.png)", "![](T412-516-public/media/461D.png)", "None of These"], "category": "diagram", "id": 48}, {"stem": "Three views of the same cube are shown above. Which symbol is opposite the X?\n\n![](T412-516-public/media/462.png)", "options": ["![](T412-516-public/media/462A.png)", "![](T412-516-public/media/462B.png)", "![](T412-516-public/media/462C.png)", "![](T412-516-public/media/462D.png)", "Other"], "category": "diagram", "id": 49}, {"stem": "Which of the cubes shown could be made from the pattern?\n\n![](T412-516-public/media/463.png)", "options": ["![](T412-516-public/media/463A.png)", "![](T412-516-public/media/463B.png)", "![](T412-516-public/media/463C.png)", "![](T412-516-public/media/463D.png)"], "category": "diagram", "id": 50}, {"stem": "Which of the patterns when folded will make the cube shown?\n\n![](T412-516-public/media/464.png)", "options": ["![](T412-516-public/media/464A.png)", "![](T412-516-public/media/464B.png)", "![](T412-516-public/media/464C.png)", "![](T412-516-public/media/464D.png)"], "category": "diagram", "id": 51}, {"stem": "![](T412-516-public/media/465.png)", "options": ["![](T412-516-public/media/465A.png)", "![](T412-516-public/media/465B.png)", "![](T412-516-public/media/465C.png)", "![](T412-516-public/media/465D.png)", "![](T412-516-public/media/465E.png)", "![](T412-516-public/media/465F.png)", "![](T412-516-public/media/465G.png)", "H. ![](T412-516-public/media/465H.png)"], "category": "logic", "id": 52}, {"stem": "Insert the correct numbers to replace the question marks?\n\n![](T412-516-public/media/466.png)", "options": ["11", "19", "24", "16"], "category": "logic", "id": 53}, {"stem": "![](T412-516-public/media/467.png)", "options": ["![](T412-516-public/media/467A.png)", "![](T412-516-public/media/467B.png)", "![](T412-516-public/media/467C.png)", "![](T412-516-public/media/467D.png)", "![](T412-516-public/media/467E.png)", "![](T412-516-public/media/467F.png)"], "category": "Logic", "id": 54}, {"stem": "What number comes next in this sequence?\n\n![](T412-516-public/media/468.png)", "options": ["58", "80", "239", "188"], "category": "logic", "id": 55}, {"stem": "Which is the missing segment?\n\n![](T412-516-public/media/469.png)", "options": ["![](T412-516-public/media/469A.png)", "![](T412-516-public/media/469B.png)", "![](T412-516-public/media/469C.png)", "![](T412-516-public/media/469D.png)", "![](T412-516-public/media/469E.png)"], "category": "logic", "id": 56}, {"stem": "What number comes next in this sequence?\n\n![](T412-516-public/media/470.png)", "options": ["80.75", "78", "75.25", "72.5"], "category": "logic", "id": 57}, {"stem": "Which is the odd one out?", "options": ["![](T412-516-public/media/471A.png)", "![](T412-516-public/media/471B.png)", "![](T412-516-public/media/471C.png)", "![](T412-516-public/media/471D.png)", "![](T412-516-public/media/471E.png)", "![](T412-516-public/media/471F.png)", "![](T412-516-public/media/471G.png)", "![](T412-516-public/media/471H.png)", "![](T412-516-public/media/471I.png)"], "category": "logic", "id": 58}, {"stem": "Which is the odd one out?", "options": ["![](T412-516-public/media/472A.png)", "![](T412-516-public/media/472B.png)", "![](T412-516-public/media/472C.png)", "![](T412-516-public/media/472D.png)", "![](T412-516-public/media/472E.png)", "![](T412-516-public/media/472F.png)"], "category": "Logic", "id": 59}, {"stem": "What number should replace the question mark?\n\n![](T412-516-public/media/473.png)", "options": ["40", "17", "36", "24"], "category": "logic", "id": 60}, {"stem": "What number should replace the question mark?\n\n![](T412-516-public/media/474.png)", "options": ["6", "7", "11", "9"], "category": "Logic", "id": 61}, {"stem": "Which hexagon should replace the question mark?\n\n![](T412-516-public/media/475.png)", "options": ["![](T412-516-public/media/475A.png)", "![](T412-516-public/media/475B.png)", "![](T412-516-public/media/475C.png)", "![](T412-516-public/media/475D.png)", "![](T412-516-public/media/475E.png)"], "category": "logic", "id": 62}, {"stem": "What comes next?\n\n![](T412-516-public/media/476.png)", "options": ["![](T412-516-public/media/476A.png)", "![](T412-516-public/media/476B.png)", "![](T412-516-public/media/476C.png)", "![](T412-516-public/media/476D.png)", "![](T412-516-public/media/476E.png)", "![](T412-516-public/media/476F.png)"], "category": "logic", "id": 63}, {"stem": "Which is the missing square?\n\n![](T412-516-public/media/477.png)", "options": ["![](T412-516-public/media/477A.png)", "![](T412-516-public/media/477B.png)", "![](T412-516-public/media/477C.png)", "![](T412-516-public/media/477D.png)", "![](T412-516-public/media/477E.png)", "![](T412-516-public/media/477F.png)", "![](T412-516-public/media/477G.png)", "![](T412-516-public/media/477H.png)"], "category": "logic", "id": 64}, {"stem": "What number should replace the question mark?\n\n![](T412-516-public/media/478.png)", "options": ["3", "4", "5", "6"], "category": "logic", "id": 65}, {"stem": "What comes next?\n\n![](T412-516-public/media/479.png)", "options": ["![](T412-516-public/media/479A.png)", "![](T412-516-public/media/479B.png)", "![](T412-516-public/media/479C.png)", "![](T412-516-public/media/479D.png)", "![](T412-516-public/media/479E.png)", "![](T412-516-public/media/479F.png)"], "category": "logic", "id": 66}, {"stem": "What continues the following sequence?\n\n![](T412-516-public/media/480.png)", "options": ["10.25", "13.55", "9.25", "10"], "category": "logic", "id": 67}, {"stem": "Which is the missing pentagon?\n\n![](T412-516-public/media/481.png)", "options": ["![](T412-516-public/media/481A.png)", "![](T412-516-public/media/481B.png)", "![](T412-516-public/media/481C.png)", "![](T412-516-public/media/481D.png)", "![](T412-516-public/media/481E.png)"], "category": "logic", "id": 68}, {"stem": "Which circle should replace the question mark?\n\n![](T412-516-public/media/482.png)", "options": ["![](T412-516-public/media/482A.png)", "![](T412-516-public/media/482B.png)", "![](T412-516-public/media/482C.png)", "![](T412-516-public/media/482D.png)", "![](T412-516-public/media/482E.png)"], "category": "logic", "id": 69}, {"stem": "What number should replace the question mark?\n\n![](T412-516-public/media/483.png)", "options": ["32", "45", "50", "20"], "category": "logic", "id": 70}, {"stem": "What comes next?\n\n![](T412-516-public/media/484.png)", "options": ["![](T412-516-public/media/484A.png)", "![](T412-516-public/media/484B.png)", "![](T412-516-public/media/484C.png)"], "category": "logic", "id": 71}, {"stem": "Which is the odd one out?\n\n![](T412-516-public/media/485.png)", "options": ["A", "B", "C", "D", "E"], "category": "logic", "id": 72}, {"stem": "What number should replace the question mark?\n\n![](T412-516-public/media/486.png)", "options": ["4", "5", "6", "7"], "category": "logic", "id": 73}, {"stem": "which pattern can replace the question mark?\n\n![](T412-516-public/media/487.png)", "options": ["![](T412-516-public/media/487A.png)", "![](T412-516-public/media/487B.png)", "![](T412-516-public/media/487C.png)", "![](T412-516-public/media/487D.png)"], "category": "logic", "id": 74}, {"stem": "What number should replace the question mark?\n\n![](T412-516-public/media/488.png)", "options": ["6", "7", "8", "9"], "category": "logic", "id": 75}, {"stem": "Which is the odd one out?\n\n![](T412-516-public/media/489.png)", "options": ["A", "B", "C", "D"], "category": "logic", "id": 76}, {"stem": "What number should replace the question mark?\n\n![](T412-516-public/media/490.png)", "options": ["1", "2", "0", "3"], "category": "logic", "id": 77}, {"stem": "Which is the missing square?\n\n![](T412-516-public/media/491.png)", "options": ["![](T412-516-public/media/491A.png)", "![](T412-516-public/media/491B.png)", "![](T412-516-public/media/491C.png)", "![](T412-516-public/media/491D.png)"], "category": "logic", "id": 78}, {"stem": "Which is the odd one out?\n\n![](T412-516-public/media/492.png)", "options": ["A", "B", "C", "D"], "category": "logic", "id": 79}, {"stem": "Which is the missing square?\n\n![](T412-516-public/media/493.png)", "options": ["![](T412-516-public/media/493A.png)", "![](T412-516-public/media/493B.png)", "![](T412-516-public/media/493C.png)", "![](T412-516-public/media/493D.png)"], "category": "logic", "id": 80}, {"stem": "What comes next?\n\n![](T412-516-public/media/494.png)", "options": ["![](T412-516-public/media/494A.png)", "![](T412-516-public/media/494B.png)", "![](T412-516-public/media/494C.png)", "![](T412-516-public/media/494D.png)"], "category": "logic", "id": 81}, {"stem": "Which is the missing segment?\n\n![](T412-516-public/media/495.png)", "options": ["![](T412-516-public/media/495A.png)", "![](T412-516-public/media/495B.png)", "![](T412-516-public/media/495C.png)", "![](T412-516-public/media/495D.png)"], "category": "logic", "id": 82}, {"stem": "What number should replace the question mark?\n\n![](T412-516-public/media/496.png)", "options": ["12", "116", "29", "41"], "category": "logic", "id": 83}, {"stem": "Which is the odd one out?\n\n![](T412-516-public/media/497.png)", "options": ["A", "B", "C", "D"], "category": "logic", "id": 84}, {"stem": "What number should replace the question mark?\n\n![](T412-516-public/media/498.png)", "options": ["25", "26", "27", "28"], "category": "logic", "id": 85}, {"stem": "Which line of figures is the odd one out?\n\n![](T412-516-public/media/499.png)", "options": ["A", "B", "C", "D", "E"], "category": "logic", "id": 86}, {"stem": "Which is the missing segment?\n\n![](T412-516-public/media/501.png)", "options": ["![](T412-516-public/media/501A.png)", "![](T412-516-public/media/501B.png)", "![](T412-516-public/media/501C.png)", "![](T412-516-public/media/501D.png)"], "category": "logic", "id": 88}, {"stem": "What pattern should replace the question mark?\n\n![](T412-516-public/media/502.png)", "options": ["![](T412-516-public/media/502A.png)", "![](T412-516-public/media/502B.png)", "![](T412-516-public/media/502C.png)", "![](T412-516-public/media/502D.png)"], "category": "logic", "id": 89}, {"stem": "Which figure should replace the question mark?\n\n![](T412-516-public/media/503.png)", "options": ["![](T412-516-public/media/503A.png)", "![](T412-516-public/media/503B.png)", "![](T412-516-public/media/503C.png)", "![](T412-516-public/media/503D.png)"], "category": "logic", "id": 90}, {"stem": "What number should replace the question mark?\n\n![](T412-516-public/media/504.png)", "options": ["15", "1", "37", "28"], "category": "logic", "id": 91}, {"stem": "Which figure should replace the question mark?\n\n![](T412-516-public/media/505.png)", "options": ["![](T412-516-public/media/505A.png)", "![](T412-516-public/media/505B.png)", "![](T412-516-public/media/505C.png)", "![](T412-516-public/media/505D.png)"], "category": "logic", "id": 92}, {"stem": "Which is the missing shield?\n\n![](T412-516-public/media/506.png)", "options": ["![](T412-516-public/media/506A.png)", "![](T412-516-public/media/506B.png)", "![](T412-516-public/media/506C.png)", "![](T412-516-public/media/506D.png)"], "category": "logic", "id": 93}, {"stem": "What number should replace the question mark?\n\n![](T412-516-public/media/507.png)", "options": ["24", "23", "21", "22"], "category": "the sum of the first column and the second column in each row is 24, the sum of third and the forth columns in each row is also 24.", "id": 94}, {"stem": "![](T412-516-public/media/508.png)", "options": ["![](T412-516-public/media/508A.png)", "![](T412-516-public/media/508B.png)", "![](T412-516-public/media/508C.png)", "![](T412-516-public/media/508D.png)"], "category": "logic", "id": 95}, {"stem": "Which figure should replace the question mark?\n\n![](T412-516-public/media/509.png)", "options": ["![](T412-516-public/media/509A.png)", "![](T412-516-public/media/509B.png)", "![](T412-516-public/media/509C.png)", "![](T412-516-public/media/509D.png)"], "category": "logic", "id": 96}, {"stem": "What number should replace the question mark?\n\n![](T412-516-public/media/511.png)", "options": ["![](T412-516-public/media/511A.png)", "![](T412-516-public/media/511B.png)", "![](T412-516-public/media/511C.png)", "![](T412-516-public/media/511D.png)"], "category": "logic", "id": 97}, {"stem": "Which hexagon should replace the question mark?\n\n![](T412-516-public/media/512.png)", "options": ["![](T412-516-public/media/512A.png)", "![](T412-516-public/media/512B.png)", "![](T412-516-public/media/512C.png)", "![](T412-516-public/media/512D.png)"], "category": "logic", "id": 98}, {"stem": "Which hexagon should replace the question mark?\n\n![](T412-516-public/media/514.png)", "options": ["![](T412-516-public/media/514A.png)", "![](T412-516-public/media/514B.png)", "![](T412-516-public/media/514C.png)", "![](T412-516-public/media/514D.png)"], "category": "logic", "id": 99}, {"stem": "What numbers should replace the question marks?\n\n![](T412-516-public/media/515.png)", "options": ["7, 12", "7, 9", "5, 9", "5, 12"], "category": "logic", "id": 100}, {"stem": "Which of the options below continues the above sequence?\n\n![](T412-516-public/media/516.png)", "options": ["![](T412-516-public/media/516A.png)", "![](T412-516-public/media/516B.png)", "![](T412-516-public/media/516C.png)", "![](T412-516-public/media/516D.png)"], "category": "logic", "id": 101}]