{
  "3": {
    "answer": [3],
    "hint": "noun and verb"
  },
  "4": {
    "answer": [3],
    "hint": "career and music"
  },
  "5": {
    "answer": [1],
    "hint": "color and stationery"
  },
  "6": {
    "answer": [1],
    "hint": "animal and fruit"
  },
  "7": {
    "answer": [1],
    "hint": "country and class"
  },
  "8": {
    "answer": [2],
    "hint": "numbers and adv"
  },
  "9": {
    "answer": [1],
    "hint": "book and number"
  },
  "10": {
    "answer": [1],
    "hint": "people and family"
  },
  "11": {
    "answer": [2],
    "hint": "liquid and solid"
  },
  "12": {
    "answer": [3],
    "hint": "adj and noun"
  },
  "13": {
    "answer": [2],
    "hint": "adj and noun"
  },
  "14": {
    "answer": [2],
    "hint": "adv and noun"
  },
  "15": {
    "answer": [1],
    "hint": "color and furniture"
  },
  "16": {
    "answer": [2],
    "hint": "noun and verb"
  },
  "17": {
    "answer": [3],
    "hint": "location and no"
  },
  "18": {
    "answer": [0],
    "hint": "house and ball"
  },
  "19": {
    "answer": [0],
    "hint": "noun and verb"
  },
  "20": {
    "answer": [1],
    "hint": "furniture and dishware"
  },
  "21": {
    "answer": [0],
    "hint": "meat and others"
  },
  "22": {
    "answer": [1],
    "hint": "male and female"
  },
  "23": {
    "answer": [2],
    "hint": "male and female"
  },
  "24": {
    "answer": [1],
    "hint": "fat and stationery"
  },
  "25": {
    "answer": [3],
    "hint": "noun and pron"
  },
  "26": {
    "answer": [3],
    "hint": "pron and verb"
  },
  "27": {
    "answer": [1],
    "hint": "adj and noun"
  },
  "28": {
    "answer": "WIND",
    "hint": "HEADWIND and WINDLASS"
  },
  "29": {
    "answer": [1],
    "hint": "acti(on e.ffor(t wo.r(th ree.(f our.self"
  },
  "30": {
    "answer": [1],
    "hint": "FUNCTION MOVE(first:3, second.-3, third.3)."
  },
  "31": {
    "answer": [1],
    "hint": "function shape"
  },
  "32": {
    "answer": [1],
    "hint": "function Synonym"
  },
  "33": {
    "answer": [2],
    "hint": "it is part of a structure, the rest are specific types of arch"
  },
  "34": {
    "answer": [1],
    "hint": "it is a support for a flag. The rest are all types of flag."
  },
  "35": {
    "answer": [0],
    "hint": "it is a female animal, the rest are male"
  },
  "36": {
    "answer": [1],
    "hint": ""
  },
  "37": {
    "answer": [3],
    "hint": ""
  },
  "38": {
    "answer": [1],
    "hint": ""
  },
  "39": {
    "answer": [1],
    "hint": "antonym"
  },
  "40": {
    "answer": [4],
    "hint": ""
  },
  "41": {
    "answer": [4],
    "hint": ""
  },
  "42": {
    "answer": [1],
    "hint": ""
  },
  "43": {
    "answer": [3],
    "hint": ""
  },
  "44": {
    "answer": [1],
    "hint": ""
  },
  "45": {
    "answer": [0],
    "hint": ""
  },
  "46": {
    "answer": [3],
    "hint": ""
  },
  "47": {
    "answer": [1],
    "hint": ""
  },
  "48": {
    "answer": [3],
    "hint": ""
  },
  "49": {
    "answer": [1],
    "hint": ""
  },
  "50": {
    "answer": [0],
    "hint": ""
  },
  "51": {
    "answer": [1],
    "hint": ""
  },
  "52": {
    "answer": [1],
    "hint": ""
  },
  "53": {
    "answer": [1],
    "hint": ""
  },
  "54": {
    "answer": [4],
    "hint": ""
  },
  "55": {
    "answer": [1],
    "hint": "it is the jaw bone, the rest are bones in the leg"
  },
  "56": {
    "answer": [3],
    "hint": "the rest are percussion instruments"
  },
  "57": {
    "answer": [1],
    "hint": "it means to lessen, the rest meaning to increase"
  },
  "58": {
    "answer": [1],
    "hint": ""
  },
  "59": {
    "answer": [1],
    "hint": ""
  },
  "60": {
    "answer": [1],
    "hint": ""
  },
  "61": {
    "answer": [4],
    "hint": ""
  },
  "62": {
    "answer": [2],
    "hint": ""
  },
  "63": {
    "answer": [1],
    "hint": ""
  },
  "64": {
    "answer": [4],
    "hint": ""
  },
  "65": {
    "answer": [4],
    "hint": ""
  },
  "66": {
    "answer": [2],
    "hint": ""
  },
  "67": {
    "answer": [4],
    "hint": ""
  },
  "68": {
    "answer": [1],
    "hint": ""
  },
  "69": {
    "answer": [4],
    "hint": ""
  },
  "70": {
    "answer": [0],
    "hint": ""
  },
  "71": {
    "answer": [4],
    "hint": ""
  },
  "72": {
    "answer": [2],
    "hint": ""
  },
  "73": {
    "answer": [4],
    "hint": ""
  },
  "74": {
    "answer": [4],
    "hint": ""
  },
  "75": {
    "answer": [0],
    "hint": ""
  },
  "76": {
    "answer": [0],
    "hint": ""
  },
  "77": {
    "answer": [1],
    "hint": ""
  },
  "78": {
    "answer": [1],
    "hint": "Clever and pawky are synonyms, as are entourage and surroundings."
  },
  "79": {
    "answer": [1],
    "hint": "Neuter and worker are synonyms, as are riata and lariat."
  },
  "80": {
    "answer": [0],
    "hint": "The yen is used in Japan, & the kip is used in Laos."
  },
  "81": {
    "answer": [2],
    "hint": "This was a nonsemantic analogy. Nazirite is the same as Nazi, but with an additional letter and 'ite' added at the end, and this is also true of stalag and stalagmite."
  },
  "82": {
    "answer": [2],
    "hint": "The other words are synonyms."
  },
  "83": {
    "answer": [2],
    "hint": "The flower of the narcissus plant is also known by this name"
  },
  "84": {
    "answer": [4],
    "hint": "The famous Russian novelist and social critic Leo Tolstoy was born in 1828."
  },
  "85": {
    "answer": [1],
    "hint": "It originated decades before this, purportedly in 1951."
  },
  "86": {
    "answer": [1],
    "hint": "Closer to 33 percent."
  },
  "87": {
    "answer": [2],
    "hint": "The rest are related to sleep, including the story of Rip Van Winkle."
  },
  "88": {
    "answer": [0],
    "hint": "The rest are related to the word heel, including \"heel\" used as a common command given to a   \ndog (canine)."
  },
  "89": {
    "answer": [3],
    "hint": ""
  },
  "90": {
    "answer": [4],
    "hint": "A helmet protects the uppermost part of the body, while a thimble protects the uppermost part of a finger"
  },
  "91": {
    "answer": [0],
    "hint": "Franklin D. Roosevelt instituted the New Deal, & Lyndon B. Johnson instituted the Great Society."
  },
  "92": {
    "answer": [4],
    "hint": "There are 10 Commandments & 7 Deadly Sins."
  },
  "93": {
    "answer": [3],
    "hint": "Matricide is the killing of a mother, & regicide is the killing of a king."
  },
  "94": {
    "answer": [4],
    "hint": "Ethereal is the opposite of stygian, & erstwhile is the opposite of future."
  },
  "95": {
    "answer": [3],
    "hint": "Dexterity is a synonym for skill, & skullduggery is a synonym for trickery."
  },
  "96": {
    "answer": [1],
    "hint": "One gambles in a casino, & fights in an arena."
  },
  "97": {
    "answer": [5],
    "hint": "Chinese is spoken in China, & Farsi is spoken in Iran."
  },
  "98": {
    "answer": [4],
    "hint": "Algebra is studied in mathematics, & existentialism is studied in philosophy."
  },
  "99": {
    "answer": [3],
    "hint": "A chicken does not have teeth, & a cabbage does not have sentience."
  },
  "100": {
    "answer": [3],
    "hint": "Selenology is the study of the moon, & epistemology is the study of knowledge."
  },
  "101": {
    "answer": [0],
    "hint": "Also called pound sterling."
  },
  "102": {
    "answer": [3],
    "hint": ""
  },
  "103": {
    "answer": [0],
    "hint": "Eric Clapton once played with the band Yardbirds; Rod Stewart became internationally known while performing with the band Faces."
  },
  "104": {
    "answer": [0],
    "hint": "Something soporific causes sleep, and something torporific causes dormancy."
  },
  "105": {
    "answer": [2],
    "hint": "Handel was a Baroque music composer, and Palestrina was a composer of Renaissance music."
  },
  "106": {
    "answer": [3],
    "hint": "The Mausoleum at Halicarnassus and the Colossus of Rhodes are 2 of the Seven Wonders of the ancient world."
  },
  "107": {
    "answer": [1],
    "hint": "The other words are synonyms of the word talkative."
  },
  "108": {
    "answer": [4],
    "hint": "The other gods & goddesses are Norse gods, while Ceres is a Roman god."
  },
  "109": {
    "answer": [0],
    "hint": "The other names are previous names of countries, while Surinam is a current name."
  },
  "110": {
    "answer": [0],
    "hint": "The other words represent a series of moving objects."
  },
  "111": {
    "answer": [3],
    "hint": "It is the only sport listed that does not employ a ball."
  },
  "112": {
    "answer": [3],
    "hint": "The other shapes listed have an even number of sides."
  },
  "113": {
    "answer": [0],
    "hint": "As the falling apple is often used to depict gravity at work, \"spaghettification\" is a term used to describe what would happen to mass being absorbed inexorably into a black hole (scary huh!.."
  },
  "114": {
    "answer": [1],
    "hint": "N = N\\* fp ne fl fi fc fl is the equation which will supposedly tell us how many planets in the universe sustain sentient life capable of communicating with us (or others.."
  },
  "115": {
    "answer": [2],
    "hint": "The expression \"caught between a rock and a hard place\" refers to two mythical beasts in Greek mythology. Scylla was a monstrous multi-headed spider who would eat hapless sailors passing near her cave. However, in order to steer clear of this catastrophe one would have to sail near Charybdis who was supposedly able to swallow a large portion of the ocean (including ships) and spit it back out (without the ships, of course)."
  },
  "116": {
    "answer": [1],
    "hint": ""
  },
  "117": {
    "answer": [0],
    "hint": "The letter \"W\" when pronounced has three syllables. The letter \"X\" has one syllable."
  },
  "118": {
    "answer": [3],
    "hint": "Cerrulean is the shade of blue that you see everyday (most of the time) when you look up at the sky. Xanthous is a name for the color yellow."
  },
  "119": {
    "answer": [3],
    "hint": "Warm and hot are related as are good and great"
  },
  "120": {
    "answer": [3],
    "hint": "Fire and hydrant are related (fire hydrant) as are man and hole (manhole)."
  },
  "121": {
    "answer": [4],
    "hint": "Pirate and eyepatch are related as are knight and visor."
  },
  "122": {
    "answer": [3],
    "hint": "Grill and meat are related as are beach and human."
  },
  "123": {
    "answer": [3],
    "hint": "Leak and boat are related as are hole and shoe."
  },
  "124": {
    "answer": [1],
    "hint": "North and west are related in the same way as forward and left. Think of a compass if it helps to see the relationship."
  },
  "125": {
    "answer": [2],
    "hint": "Ten and commandments (Ten Commandments. are related as are seven and seas (seven seas)."
  },
  "126": {
    "answer": [2],
    "hint": "Each is a 5-letter word that becomes a 4-letter word when its first letter is removed."
  },
  "127": {
    "answer": [4],
    "hint": "Synonym"
  },
  "128": {
    "answer": "ulterior, secret",
    "hint": "Synonym"
  },
  "129": {
    "answer": "relative, apposite",
    "hint": "Synonym"
  },
  "130": {
    "answer": "composite, blend",
    "hint": "Synonym"
  },
  "131": {
    "answer": "bill, invoice",
    "hint": "Synonym"
  },
  "132": {
    "answer": "espouse, advocate",
    "hint": "Synonym"
  },
  "133": {
    "answer": [1],
    "hint": "Antonym"
  },
  "134": {
    "answer": "stolid, emotional",
    "hint": "Antonym"
  },
  "135": {
    "answer": "indecency, propriety",
    "hint": "Antonym"
  },
  "136": {
    "answer": "trivia, essentials",
    "hint": "Antonym"
  },
  "137": {
    "answer": [3],
    "hint": "Antonym"
  },
  "138": {
    "answer": [3],
    "hint": "Function Belong"
  },
  "139": {
    "answer": [0],
    "hint": "Function Refer"
  },
  "140": {
    "answer": [2],
    "hint": "Function Cross"
  },
  "141": {
    "answer": [3],
    "hint": "Function Belong"
  },
  "142": {
    "answer": [4],
    "hint": "Function Deal"
  },
  "143": {
    "answer": [3],
    "hint": "it means to put things right or correct; the rest mean to adjust"
  },
  "144": {
    "answer": [3],
    "hint": "total and part"
  },
  "145": {
    "answer": [2],
    "hint": "champagne\n\nOther"
  },
  "146": {
    "answer": "cut down to size",
    "hint": ""
  },
  "147": {
    "answer": "prise/prize",
    "hint": ""
  },
  "148": {
    "answer": "FKMPY2359",
    "hint": ""
  },
  "149": {
    "answer": "GJLMNT3478",
    "hint": ""
  },
  "150": {
    "answer": "SRNMD23579",
    "hint": ""
  },
  "151": {
    "answer": "YTLKJFB25679",
    "hint": ""
  },
  "152": {
    "answer": "7643SRPMKFC",
    "hint": ""
  },
  "153": {
    "answer": "EU98642ZRPMJD",
    "hint": ""
  },
  "154": {
    "answer": "AU87532ZTSPKG",
    "hint": ""
  },
  "155": {
    "answer": "VSPL468UEA9753",
    "hint": ""
  },
  "156": {
    "answer": "erupt pure",
    "hint": ""
  },
  "157": {
    "answer": [0],
    "hint": ""
  },
  "158": {
    "answer": [3],
    "hint": "relic"
  },
  "159": {
    "answer": [2],
    "hint": ""
  },
  "160": {
    "answer": [3],
    "hint": ""
  },
  "161": {
    "answer": [2],
    "hint": ""
  },
  "162": {
    "answer": [2],
    "hint": ""
  },
  "163": {
    "answer": [2],
    "hint": ""
  },
  "164": {
    "answer": [3],
    "hint": ""
  },
  "165": {
    "answer": [2],
    "hint": ""
  },
  "166": {
    "answer": [3],
    "hint": ""
  },
  "167": {
    "answer": [2],
    "hint": ""
  },
  "168": {
    "answer": [0],
    "hint": ""
  },
  "169": {
    "answer": [0],
    "hint": ""
  },
  "170": {
    "answer": [2],
    "hint": ""
  },
  "171": {
    "answer": [0],
    "hint": ""
  },
  "172": {
    "answer": [1],
    "hint": "antonym"
  },
  "182": {
    "answer": [2],
    "hint": "room and necessities"
  },
  "183": {
    "answer": [0],
    "hint": "food and dishware"
  },
  "184": {
    "answer": [2],
    "hint": "class and book"
  },
  "185": {
    "answer": [0],
    "hint": "food and transport"
  },
  "186": {
    "answer": [0],
    "hint": "book and number"
  },
  "187": {
    "answer": [2],
    "hint": "color and class"
  },
  "188": {
    "answer": [3],
    "hint": "number and notebook"
  },
  "189": {
    "answer": [2],
    "hint": "number and stationery"
  },
  "190": {
    "answer": [0],
    "hint": "career and family"
  },
  "191": {
    "answer": [0],
    "hint": "adj and noun"
  },
  "192": {
    "answer": [3],
    "hint": "food and animal"
  },
  "193": {
    "answer": [0],
    "hint": "career and family"
  },
  "194": {
    "answer": [3],
    "hint": "stationery and sports"
  },
  "195": {
    "answer": [0],
    "hint": "location and room"
  },
  "196": {
    "answer": [3],
    "hint": "people and furniture"
  },
  "197": {
    "answer": [3],
    "hint": "dishware and family"
  },
  "198": {
    "answer": [0],
    "hint": "verb and noun"
  },
  "199": {
    "answer": [0],
    "hint": "meat and fast-food"
  },
  "200": {
    "answer": [1],
    "hint": "liquid and solid"
  },
  "201": {
    "answer": [2],
    "hint": "carbohydrate and vegetable"
  },
  "202": {
    "answer": [2],
    "hint": "furniture and dishware"
  },
  "203": {
    "answer": [3],
    "hint": "food and career"
  },
  "204": {
    "answer": [0],
    "hint": "adj and career"
  },
  "205": {
    "answer": [2],
    "hint": "class and adj"
  },
  "206": {
    "answer": [2],
    "hint": "solid and liquid"
  },
  "207": {
    "answer": [0],
    "hint": "meal and food"
  },
  "208": {
    "answer": [1],
    "hint": "book and furniture"
  },
  "209": {
    "answer": [3],
    "hint": "do and be"
  },
  "210": {
    "answer": [3],
    "hint": "verb and career"
  },
  "211": {
    "answer": [3],
    "hint": "dishware and food"
  },
  "212": {
    "answer": [3],
    "hint": "class and people"
  },
  "213": {
    "answer": [3],
    "hint": "people and inanimate"
  },
  "214": {
    "answer": "expand, reduce",
    "hint": "Synonym"
  },
  "215": {
    "answer": "TO LIE IN WAIT",
    "hint": "Synonym"
  },
  "216": {
    "answer": [2],
    "hint": "Synonym"
  },
  "217": {
    "answer": [1],
    "hint": "Synonym"
  },
  "218": {
    "answer": [2],
    "hint": "Synonym"
  },
  "219": {
    "answer": "watertight, tenuous",
    "hint": "antonym"
  },
  "220": {
    "answer": "HIDE, REVEAL",
    "hint": "antonym"
  },
  "221": {
    "answer": "HARMFUL, SAFE",
    "hint": "antonym"
  },
  "222": {
    "answer": "pull wool",
    "hint": ""
  },
  "223": {
    "answer": "actions speak louder than words",
    "hint": ""
  },
  "224": {
    "answer": "PUPILS SLIP UP",
    "hint": ""
  },
  "225": {
    "answer": "CREATIVITY, REACTIVITY",
    "hint": ""
  },
  "226": {
    "answer": "black, olive, fawn, cyan, pink",
    "hint": ""
  },
  "227": {
    "answer": "PEACH, OLIVE, COCONUT",
    "hint": ""
  },
  "228": {
    "answer": "water",
    "hint": "salt water, waterfall"
  },
  "229": {
    "answer": [5],
    "hint": ""
  },
  "230": {
    "answer": "BELL",
    "hint": "BLUEBELL, BELLOWED"
  },
  "231": {
    "answer": [1],
    "hint": "all the words have their letters in alphabetical order"
  },
  "232": {
    "answer": [1],
    "hint": "function deal"
  },
  "233": {
    "answer": [4],
    "hint": ""
  },
  "234": {
    "answer": [1],
    "hint": "it is the jaw bone, the rest are bones in the leg"
  },
  "235": {
    "answer": [4],
    "hint": "numbers are obtained by adding pairs of digits i.e. with 571219: 5 + 7 = 12; 7 + 12 = 19. To follow this same pattern 971613 would have to be 971623."
  },
  "236": {
    "answer": [0],
    "hint": "5278/5872, 9416/9614, 7895/7598, 6231/6132"
  },
  "237": {
    "answer": [3],
    "hint": ""
  },
  "240": {
    "answer": [0],
    "hint": ""
  },
  "241": {
    "answer": [4],
    "hint": ""
  },
  "242": {
    "answer": [2],
    "hint": ""
  },
  "243": {
    "answer": "C",
    "hint": ""
  },
  "244": {
    "answer": [2],
    "hint": ""
  },
  "245": {
    "answer": "C",
    "hint": ""
  },
  "246": {
    "answer": [1],
    "hint": ""
  },
  "247": {
    "answer": "A",
    "hint": "synonym"
  },
  "248": {
    "answer": [2],
    "hint": "function relevance(weather)\n\nrelevance(Isotherm)=temperature\n\nrelevance(isobar)=pressure"
  },
  "249": {
    "answer": [1],
    "hint": ""
  },
  "250": {
    "answer": [0],
    "hint": ""
  },
  "251": {
    "answer": [3],
    "hint": ""
  },
  "252": {
    "answer": [3],
    "hint": ""
  },
  "253": {
    "answer": "flashes",
    "hint": ""
  },
  "254": {
    "answer": [1],
    "hint": ""
  },
  "255": {
    "answer": [0],
    "hint": ""
  },
  "256": {
    "answer": [1],
    "hint": ""
  },
  "257": {
    "answer": [0],
    "hint": ""
  },
  "258": {
    "answer": [1],
    "hint": ""
  },
  "259": {
    "answer": [1],
    "hint": ""
  },
  "260": {
    "answer": [1],
    "hint": ""
  },
  "261": {
    "answer": [2],
    "hint": ""
  },
  "262": {
    "answer": [2],
    "hint": ""
  },
  "263": {
    "answer": [4],
    "hint": ""
  },
  "264": {
    "answer": "breastbone",
    "hint": ""
  },
  "265": {
    "answer": [4],
    "hint": ""
  },
  "266": {
    "answer": "suppress, reserve",
    "hint": ""
  },
  "267": {
    "answer": "fur, plumage",
    "hint": ""
  },
  "268": {
    "answer": "furniture, spur",
    "hint": ""
  },
  "269": {
    "answer": "animal, verse",
    "hint": ""
  },
  "270": {
    "answer": "sin, virtue",
    "hint": ""
  },
  "271": {
    "answer": "church, hospital",
    "hint": ""
  },
  "272": {
    "answer": "swimmer, skier",
    "hint": ""
  },
  "273": {
    "answer": "second, last",
    "hint": ""
  },
  "274": {
    "answer": [3],
    "hint": ""
  },
  "275": {
    "answer": [0],
    "hint": ""
  },
  "276": {
    "answer": [3],
    "hint": ""
  },
  "277": {
    "answer": "buffoonery",
    "hint": ""
  },
  "278": {
    "answer": "spheroid",
    "hint": ""
  },
  "279": {
    "answer": [1],
    "hint": ""
  },
  "280": {
    "answer": [3],
    "hint": ""
  },
  "281": {
    "answer": [2],
    "hint": ""
  },
  "282": {
    "answer": [3],
    "hint": ""
  },
  "283": {
    "answer": [0],
    "hint": ""
  },
  "284": {
    "answer": [1],
    "hint": ""
  },
  "285": {
    "answer": [1],
    "hint": ""
  },
  "286": {
    "answer": [4],
    "hint": ""
  },
  "287": {
    "answer": [2],
    "hint": ""
  },
  "288": {
    "answer": [1],
    "hint": ""
  },
  "289": {
    "answer": [2],
    "hint": ""
  },
  "290": {
    "answer": [0],
    "hint": ""
  },
  "291": {
    "answer": [2],
    "hint": ""
  },
  "292": {
    "answer": [2],
    "hint": ""
  },
  "293": {
    "answer": [3],
    "hint": ""
  },
  "294": {
    "answer": [4],
    "hint": ""
  },
  "295": {
    "answer": [2],
    "hint": ""
  },
  "296": {
    "answer": [0],
    "hint": ""
  },
  "297": {
    "answer": [4],
    "hint": ""
  },
  "298": {
    "answer": [1],
    "hint": ""
  },
  "299": {
    "answer": [0],
    "hint": ""
  },
  "300": {
    "answer": [3],
    "hint": ""
  },
  "301": {
    "answer": [3],
    "hint": ""
  },
  "302": {
    "answer": [3],
    "hint": ""
  },
  "303": {
    "answer": [3],
    "hint": ""
  },
  "304": {
    "answer": [2],
    "hint": ""
  },
  "305": {
    "answer": [2],
    "hint": ""
  },
  "306": {
    "answer": [1],
    "hint": ""
  },
  "307": {
    "answer": [0],
    "hint": ""
  },
  "308": {
    "answer": "past",
    "hint": ""
  },
  "309": {
    "answer": [5],
    "hint": ""
  },
  "310": {
    "answer": [4],
    "hint": ""
  },
  "311": {
    "answer": [4],
    "hint": ""
  },
  "312": {
    "answer": [4],
    "hint": ""
  },
  "313": {
    "answer": [4],
    "hint": ""
  },
  "314": {
    "answer": [5],
    "hint": ""
  },
  "315": {
    "answer": [4],
    "hint": ""
  },
  "316": {
    "answer": "instructor",
    "hint": ""
  },
  "317": {
    "answer": [1],
    "hint": ""
  },
  "318": {
    "answer": [0],
    "hint": ""
  },
  "319": {
    "answer": [2],
    "hint": ""
  },
  "320": {
    "answer": [1],
    "hint": ""
  },
  "321": {
    "answer": [3],
    "hint": ""
  },
  "322": {
    "answer": [3],
    "hint": ""
  },
  "323": {
    "answer": [1],
    "hint": ""
  },
  "324": {
    "answer": [3],
    "hint": ""
  },
  "325": {
    "answer": [0],
    "hint": ""
  },
  "326": {
    "answer": [2],
    "hint": ""
  },
  "327": {
    "answer": [2],
    "hint": ""
  },
  "328": {
    "answer": [4],
    "hint": "Ruby is red, and sapphire is blue."
  },
  "329": {
    "answer": [4],
    "hint": "Cards are used in Cribbage, and stones are used in the game Go."
  },
  "330": {
    "answer": [0],
    "hint": "Ninny and sage are antonyms, as are pugilist and pacifist."
  },
  "331": {
    "answer": [0],
    "hint": "A chandelier hangs from the ceiling of a room, and a stalagmite is found on the floor of a cave."
  },
  "332": {
    "answer": [0],
    "hint": "A poltroon is cowardly, and a pixy is mischievous"
  },
  "333": {
    "answer": [2],
    "hint": "Gibe is close to being the opposite of congratulate, and harangue is close to being the opposite of bless"
  },
  "334": {
    "answer": [2],
    "hint": "A zephyr is a light breeze, and a scrape is a light injury."
  },
  "335": {
    "answer": "grisly",
    "hint": "The other words are all synonyms."
  },
  "336": {
    "answer": [3],
    "hint": "The other words designate someone or something who uses magic in a general way, while a necromancer specifically works with the dead."
  },
  "337": {
    "answer": "steadfast",
    "hint": "The other words are synonyms."
  },
  "338": {
    "answer": [0],
    "hint": "The other words are types of fish."
  },
  "339": {
    "answer": [4],
    "hint": "The other words are synonyms."
  },
  "340": {
    "answer": [0],
    "hint": "A palindrome is a word, verse or sentence that reads the same forward as backward, such as \"Madam, I'm Adam,\" or in this case the word deed."
  },
  "341": {
    "answer": [2],
    "hint": "The stamen is the pollen-bearing organ of a flower."
  },
  "342": {
    "answer": [1],
    "hint": "This is a common misconception. Strangely enough, the number 2 is prime, even though it is an even number."
  },
  "343": {
    "answer": [0],
    "hint": "《Simpsons》"
  },
  "344": {
    "answer": "cylindrical",
    "hint": "The rest are related to a star or stars, including the Star of David."
  },
  "345": {
    "answer": [3],
    "hint": "Copernicus and Galileo both believed in a heliocentric (sun centered) system, and Karl Marx and Chairman Mao were both proponents of communism (however, many would argue that their views of what communism was or should be were very different)."
  },
  "346": {
    "answer": [5],
    "hint": "Auditory refers to your sense of hearing, while olfactory refers to your sense of smell."
  },
  "347": {
    "answer": [3],
    "hint": "Robin Hood and Captain Hook are two famous characters in children's stories."
  },
  "348": {
    "answer": [4],
    "hint": "common language"
  },
  "349": {
    "answer": [5],
    "hint": ""
  },
  "350": {
    "answer": [2],
    "hint": ""
  },
  "351": {
    "answer": "Deck",
    "hint": "A den of thieves & a deck of cards. Game is not the most appropriate answer because just as there are thieves in a den, there are cards in a deck."
  },
  "352": {
    "answer": [1],
    "hint": "Tonto worked alongside the Lone Ranger, just as Watson worked with Sherlock Holmes."
  },
  "353": {
    "answer": [2],
    "hint": "John Wayne was called the Duke, & Shaquille O'Neal is called Shaq."
  },
  "354": {
    "answer": [3],
    "hint": "An ear of corn & a leg of lamb"
  },
  "355": {
    "answer": [0],
    "hint": "The atomic number of Carbon is 6. Likewise, the atomic number of Nitrogen is 7."
  },
  "356": {
    "answer": [2],
    "hint": "Brutus & his accomplices assassinated Caesar, & Booth assassinated Lincoln."
  },
  "357": {
    "answer": [6],
    "hint": "The Aztecs were in Mexico, & the Incas were in Peru."
  },
  "358": {
    "answer": [3],
    "hint": "Sunrise & daybreak."
  },
  "359": {
    "answer": "carn-",
    "hint": "Herb- is the word part best matched with vegetable, & carn- goes best with meat."
  },
  "360": {
    "answer": [4],
    "hint": "Vegetables are solids found in soup, & platelets are solids found in blood. Hemoglobin is not the best answer because it is only a part of red blood cells, whereas vegetables & platelets describe separate objects."
  },
  "361": {
    "answer": [5],
    "hint": "Bread is baked in an oven, & pottery is baked in a kiln."
  },
  "362": {
    "answer": [5],
    "hint": "Adultery is a violation of a marriage, & an infringement is a violation of a patent."
  },
  "363": {
    "answer": "helio-",
    "hint": "Bi- is a prefix for two, & helio- is a prefix for sun."
  },
  "364": {
    "answer": [1],
    "hint": "Part backward is trap, & live backward is evil."
  },
  "365": {
    "answer": [5],
    "hint": "Each word becomes a well known name, title, or term when begun with the word \"Mother.\""
  },
  "366": {
    "answer": [5],
    "hint": "Deep Blue is a name of something that is well known, as is Agent Orange."
  },
  "367": {
    "answer": [2],
    "hint": "Dizziness is experienced through vertigo, & tiredness is experienced through fatigue."
  },
  "368": {
    "answer": [2],
    "hint": "Jefferson wrote \"life, liberty, and the pursuit of happiness,\" & Locke wrote \"life, liberty, and property.\""
  },
  "369": {
    "answer": [0],
    "hint": "An ocean is a large expanse of water, while a fountain is a relatively small enclosure of water with an open top. A desert is a large expanse of (in many cases. sand, while a sandbox is a relatively small enclosure of sand with an open top."
  },
  "370": {
    "answer": "Arabian Nights",
    "hint": "There were 101 Dalmatians & 1,001 Arabian Nights."
  },
  "371": {
    "answer": "worst possible roll",
    "hint": "A bull's eye denotes a perfect shot, & snake eyes indicates a roll of two ones with dice, which is generally regarded as the worst possible roll."
  },
  "372": {
    "answer": "grottoes & mountains",
    "hint": "The Naiads were nymphs of springs & streams, & the Oreads were nymphs of grottoes & mountains."
  },
  "373": {
    "answer": [3],
    "hint": "Loops is the reverse of spool; pot is the reverse of top."
  },
  "374": {
    "answer": [1],
    "hint": ""
  },
  "375": {
    "answer": [3],
    "hint": "3 cubed is 27; 4 cubed is 64."
  },
  "376": {
    "answer": [1],
    "hint": ""
  },
  "377": {
    "answer": "Keystone State",
    "hint": "Pennsylvania is known as the Keystone State."
  },
  "378": {
    "answer": [0],
    "hint": "C is the Roman Numeral for 100, and M is the Roman Numeral for 1,000."
  },
  "379": {
    "answer": [0],
    "hint": "A simile states that something is like something else, & a metaphor in many cases states that something is something else."
  },
  "380": {
    "answer": [2],
    "hint": "An epitaph appears on a grave, & an epilogue appears at the end of a work."
  },
  "381": {
    "answer": [2],
    "hint": "Riparian relates to the bank of a river or other body of water, & empirical relates to experience."
  },
  "382": {
    "answer": [3],
    "hint": "A misnomer is a wrong name, & a pseudonym is a false name."
  },
  "383": {
    "answer": [0],
    "hint": "Muddled, addled, & confused are all synonyms."
  },
  "384": {
    "answer": [1],
    "hint": "A sufi is a mystic, & an eider is a duck."
  },
  "385": {
    "answer": [2],
    "hint": "An apothecary works with drugs, & a cruciverbalist works with crossword puzzles."
  },
  "386": {
    "answer": [1],
    "hint": "Narcissus was turned into a flower, & Io was turned into a heifer."
  },
  "387": {
    "answer": [3],
    "hint": "Compleat is an archaic spelling of complete, & chirurgeon is an archaic spelling of surgeon."
  },
  "388": {
    "answer": [3],
    "hint": "Murrey is purplish black, & magenta is (deep. purplish red."
  },
  "389": {
    "answer": [3],
    "hint": "Nim is a game that uses counters, & craps is a game that uses dice"
  },
  "390": {
    "answer": [3],
    "hint": "Scurvy is caused by a lack of vitamin C, & kwashiorkor is caused by a lack of protein."
  },
  "391": {
    "answer": "100",
    "hint": ""
  },
  "392": {
    "answer": "Reptile",
    "hint": ""
  },
  "393": {
    "answer": "Mont Blanc",
    "hint": "Kibo is the highest peak in Africa, and Mont Blanc is the highest peak in Europe. Mont Blanc is in the Alps; Kibo is part of Kilimanjaro."
  },
  "394": {
    "answer": "Hinomaru",
    "hint": "The Union Jack (or Union Flag). is the flag of the United Kingdom. The Hinomaru (or Nisshuki) is the flag of Japan"
  },
  "395": {
    "answer": "Marriage",
    "hint": ""
  },
  "396": {
    "answer": [3],
    "hint": "Venus is the Roman name for Aphrodite."
  },
  "397": {
    "answer": "None of the above are correct",
    "hint": "The correct answer would be Seurat. Both artists, who share the first name of Georges, are generally accepted as the fathers of their respective styles."
  },
  "398": {
    "answer": "Galois",
    "hint": "In mathematics, Georg Cantor is considered the father of set theory; Evarist Galois is the father of group theory."
  },
  "399": {
    "answer": "Numismatics",
    "hint": ""
  },
  "400": {
    "answer": "au gratin",
    "hint": "Served with natural juices is to au jus as sprinkled with bread crumbs and/or cheese is to au gratin. Bread crumbs and/or cheese is acceptable in modern English usage."
  },
  "401": {
    "answer": "None of the above are correct",
    "hint": "The correct word would be palindrome. A palindrome is a word (or number. that reads the same forward or backward."
  },
  "402": {
    "answer": "None of the above are correct",
    "hint": "The correct word would be Leporine."
  },
  "403": {
    "answer": "φ",
    "hint": "φ, the Greek letter \"phi.\" The number 1.61803 is known as the \"golden number\" or the \"golden ratio.\" The number is actually\n\n(√5+1./2 and is the ratio of the (n+1. term to the nth term as n becomes larger."
  },
  "404": {
    "answer": "1 to 4",
    "hint": "Probability is the chance than an event will happen; the odds are determined by comparing the ratio of losses to wins. In this case, it is 1 out of 5 compared to 4 out of 5, or 1 to 4."
  },
  "405": {
    "answer": "Hook",
    "hint": "In golf, the movement of the ball by a right-handed player."
  },
  "406": {
    "answer": "Kennedy",
    "hint": "All 4 of these U.S. Presidents were assassinated. The other 4 answer choices, Harrison, Taylor, Harding, and Franklin D. Roosevelt, are Presidents who died of natural causes while in office."
  },
  "407": {
    "answer": "The Lady of Pleasure",
    "hint": "The others were written by Shakespeare."
  },
  "408": {
    "answer": [5],
    "hint": "The other words are synonyms of the word permanent."
  },
  "409": {
    "answer": [2],
    "hint": "The other words are sections of the brain."
  },
  "410": {
    "answer": [3],
    "hint": "The other words are names of rivers."
  },
  "411": {
    "answer": [2],
    "hint": "The other names are the first names of famous people with the last name Roosevelt."
  },
  "412": {
    "answer": [1],
    "hint": "The other words represent something distinct when they come before the word link."
  },
  "413": {
    "answer": [0],
    "hint": "Anglo- is a prefix meaning England (ex. Anglophile.. Sino- is a prefix meaning China (ex. Sinology.."
  },
  "414": {
    "answer": [2],
    "hint": "Women do not have an Adam's Apple. Adam (the first human to exist. couldn't have had a navel with no earthly mother to bare him."
  },
  "415": {
    "answer": "150 years",
    "hint": "Bicentennial means 200 years. The prefix sesqui-means one and a half. Hence the name sesquicentennial."
  },
  "416": {
    "answer": [2],
    "hint": "Calumniate and traduce are synonyms. Eulogize and laud are synonyms."
  },
  "417": {
    "answer": [1],
    "hint": "Achilles' (from Greek mythology) tendon was his weak point. Pandora (also in Greek mythology) had a box that contained all that was evil. When the box was opened, all of the evil was released into the world."
  },
  "418": {
    "answer": [1],
    "hint": "The word \"sake\" means and end, purpose or cause. The word \"sake\" (pronounced sa' ke) is a type of rice wine."
  },
  "419": {
    "answer": [0],
    "hint": "Eminent is a synonym for farfamed. Huggermugger is a synonym for bedlam."
  },
  "420": {
    "answer": [2],
    "hint": "The name Sidis is a palindrome. The syallable \"ci\" is the penult (next to last. syllable."
  },
  "421": {
    "answer": [1],
    "hint": ""
  },
  "422": {
    "answer": [3],
    "hint": "Day and night are paired, as are light and dark."
  },
  "423": {
    "answer": [0],
    "hint": "Wolf and panther are related (these are actual creatures. and hobbit and goblin are related (these are fictional creatures)."
  },
  "424": {
    "answer": [4],
    "hint": "Tree and forest are related, as are stalagmite and cave."
  },
  "425": {
    "answer": [1],
    "hint": "Hand and glove are related, as are foot and sock. A foot does not normally go into a boot without wearing a sock."
  },
  "426": {
    "answer": [3],
    "hint": "Typewriter and computer are related as are village and city."
  },
  "427": {
    "answer": [3],
    "hint": "Board and game (board game. are related as are television and show (television show)."
  },
  "428": {
    "answer": [2],
    "hint": "Penny and dollar are related as are year and century."
  },
  "429": {
    "answer": [1],
    "hint": "Grass and yard are related as are carpet and floor."
  },
  "430": {
    "answer": [4],
    "hint": "Mirror and myself (I can see myself in a mirror) are related as are window and you (I can see you through a window)."
  },
  "431": {
    "answer": [4],
    "hint": "Afterlife and reincarnation are related (many people believe these things occur after one's death) as are eat and sleep (these things occur during one's life)."
  },
  "432": {
    "answer": [3],
    "hint": "Policy and debate are related as are dishonor and duel."
  },
  "433": {
    "answer": [3],
    "hint": ""
  },
  "434": {
    "answer": [3],
    "hint": "\"Penurious\" means cheap or miserly, so its opposite would be \"generous\"."
  },
  "435": {
    "answer": "include",
    "hint": "each word begins with the sixth and fifth letters of the preceding word"
  },
  "436": {
    "answer": [3],
    "hint": "Synonym"
  },
  "437": {
    "answer": "misconceive, misconstrue",
    "hint": "Synonym"
  },
  "438": {
    "answer": "practical, realistic",
    "hint": "Synonym"
  },
  "439": {
    "answer": "power, force",
    "hint": "Synonym"
  },
  "440": {
    "answer": "drop, descend",
    "hint": "Synonym"
  },
  "441": {
    "answer": [3],
    "hint": "Antonym"
  },
  "442": {
    "answer": [1],
    "hint": "Antonym"
  },
  "443": {
    "answer": "rectitude, corruption",
    "hint": "Antonym"
  },
  "444": {
    "answer": "major, minor",
    "hint": "Antonym"
  },
  "445": {
    "answer": "diligent, indifferent",
    "hint": "Antonym"
  },
  "446": {
    "answer": "searching, cursory",
    "hint": "Antonym"
  },
  "447": {
    "answer": "taut, relaxed",
    "hint": "Antonym"
  },
  "448": {
    "answer": [1],
    "hint": "Antonym"
  },
  "449": {
    "answer": [3],
    "hint": "Function Mark"
  },
  "450": {
    "answer": [1],
    "hint": "Function Relation"
  },
  "451": {
    "answer": [0],
    "hint": "Function Material"
  },
  "452": {
    "answer": [1],
    "hint": "Function Mean"
  },
  "453": {
    "answer": [4],
    "hint": "Function Ore-of"
  },
  "454": {
    "answer": [2],
    "hint": "Function Belong"
  },
  "455": {
    "answer": "STAR is to TUBS and SHEER is to TIFFS",
    "hint": "Each letter of the first word moves one place forward in the alphabet to\n\nproduce the second word."
  },
  "456": {
    "answer": [2],
    "hint": "Function Synonym"
  },
  "457": {
    "answer": [0],
    "hint": "Function Result"
  },
  "458": {
    "answer": "insert",
    "hint": "Function Use"
  },
  "459": {
    "answer": [1],
    "hint": "Function Synonym"
  },
  "460": {
    "answer": [1],
    "hint": "mountain chain and grassland"
  },
  "461": {
    "answer": [3],
    "hint": "green and blue"
  },
  "462": {
    "answer": "heptagon",
    "hint": "shape and solid figures"
  },
  "463": {
    "answer": "rags to riches",
    "hint": ""
  },
  "464": {
    "answer": "pedestal",
    "hint": "tape/peck, made/desk, nest/star, meal/alas"
  },
  "465": {
    "answer": [4],
    "hint": "TAPOD = adopt"
  },
  "466": {
    "answer": "list",
    "hint": ""
  },
  "467": {
    "answer": "ar(change.l",
    "hint": ""
  },
  "468": {
    "answer": "canopy",
    "hint": ""
  },
  "469": {
    "answer": [2],
    "hint": ""
  },
  "470": {
    "answer": "platinum",
    "hint": ""
  },
  "471": {
    "answer": "FLARE",
    "hint": ""
  },
  "472": {
    "answer": "CPST457",
    "hint": ""
  },
  "473": {
    "answer": "KLPXZ2489",
    "hint": ""
  },
  "474": {
    "answer": "EQST24578",
    "hint": ""
  },
  "475": {
    "answer": "YTSQK2467",
    "hint": ""
  },
  "476": {
    "answer": "9764TQMLJD",
    "hint": ""
  },
  "477": {
    "answer": "ZTRML248UEA953",
    "hint": ""
  },
  "478": {
    "answer": "TPLKJD268UE975",
    "hint": ""
  },
  "479": {
    "answer": "to mark time",
    "hint": ""
  },
  "480": {
    "answer": "hold",
    "hint": ""
  },
  "481": {
    "answer": "perfection",
    "hint": ""
  },
  "482": {
    "answer": "place/pace",
    "hint": ""
  },
  "483": {
    "answer": [3],
    "hint": "comedy"
  },
  "484": {
    "answer": "magnetic, alluring",
    "hint": ""
  },
  "485": {
    "answer": "The synonyms are pardon and excuse, the antonym is punish",
    "hint": ""
  },
  "486": {
    "answer": [4],
    "hint": ""
  },
  "487": {
    "answer": [0],
    "hint": ""
  },
  "488": {
    "answer": [1],
    "hint": ""
  },
  "489": {
    "answer": [3],
    "hint": ""
  },
  "490": {
    "answer": [2],
    "hint": ""
  },
  "491": {
    "answer": [1],
    "hint": ""
  },
  "492": {
    "answer": [4],
    "hint": ""
  },
  "493": {
    "answer": [4],
    "hint": ""
  },
  "494": {
    "answer": [0],
    "hint": ""
  },
  "495": {
    "answer": [3],
    "hint": ""
  },
  "496": {
    "answer": [4],
    "hint": ""
  },
  "497": {
    "answer": [3],
    "hint": ""
  },
  "498": {
    "answer": [1],
    "hint": ""
  },
  "499": {
    "answer": [2],
    "hint": ""
  },
  "500": {
    "answer": [1],
    "hint": ""
  },
  "501": {
    "answer": [1],
    "hint": ""
  },
  "502": {
    "answer": [2],
    "hint": ""
  },
  "503": {
    "answer": [3],
    "hint": ""
  },
  "504": {
    "answer": [0],
    "hint": ""
  },
  "505": {
    "answer": [1],
    "hint": ""
  },
  "506": {
    "answer": [2],
    "hint": ""
  },
  "507": {
    "answer": [0],
    "hint": ""
  },
  "508": {
    "answer": [0],
    "hint": ""
  },
  "509": {
    "answer": [1],
    "hint": ""
  },
  "510": {
    "answer": [3],
    "hint": ""
  },
  "511": {
    "answer": [1],
    "hint": ""
  },
  "512": {
    "answer": [3],
    "hint": ""
  },
  "513": {
    "answer": [1],
    "hint": ""
  },
  "514": {
    "answer": [2],
    "hint": ""
  },
  "515": {
    "answer": [1],
    "hint": ""
  },
  "516": {
    "answer": [3],
    "hint": ""
  },
  "517": {
    "answer": [0],
    "hint": ""
  },
  "518": {
    "answer": [1],
    "hint": ""
  }
}
