{
  "0": {
    "answer": [2],
    "hint": ""
  },
  "1": {
    "answer": [0],
    "hint": ""
  },
  "2": {
    "answer": [1],
    "hint": ""
  },
  "3": {
    "answer": [0],
    "hint": ""
  },
  "4": {
    "answer": [0],
    "hint": ""
  },
  "5": {
    "answer": [1],
    "hint": ""
  },
  "6": {
    "answer": [0],
    "hint": ""
  },
  "7": {
    "answer": [1],
    "hint": ""
  },
  "8": {
    "answer": [1],
    "hint": ""
  },
  "9": {
    "answer": [1],
    "hint": ""
  },
  "10": {
    "answer": [2],
    "hint": ""
  },
  "11": {
    "answer": [0],
    "hint": ""
  },
  "12": {
    "answer": [0],
    "hint": ""
  },
  "13": {
    "answer": [0],
    "hint": ""
  },
  "14": {
    "answer": [2],
    "hint": ""
  },
  "15": {
    "answer": [2],
    "hint": ""
  },
  "16": {
    "answer": [2],
    "hint": ""
  },
  "17": {
    "answer": [2],
    "hint": ""
  },
  "18": {
    "answer": [2],
    "hint": ""
  },
  "19": {
    "answer": [3],
    "hint": ""
  },
  "20": {
    "answer": [1],
    "hint": ""
  },
  "21": {
    "answer": [3],
    "hint": ""
  },
  "22": {
    "answer": [2],
    "hint": ""
  },
  "23": {
    "answer": [3],
    "hint": ""
  },
  "24": {
    "answer": [1],
    "hint": ""
  },
  "25": {
    "answer": [2],
    "hint": ""
  },
  "26": {
    "answer": [2],
    "hint": ""
  },
  "27": {
    "answer": [2],
    "hint": ""
  },
  "28": {
    "answer": [0],
    "hint": ""
  },
  "29": {
    "answer": [2],
    "hint": ""
  },
  "30": {
    "answer": [0],
    "hint": ""
  },
  "31": {
    "answer": [4],
    "hint": ""
  },
  "32": {
    "answer": [2],
    "hint": ""
  },
  "33": {
    "answer": [0],
    "hint": ""
  },
  "34": {
    "answer": [0],
    "hint": ""
  },
  "35": {
    "answer": [1],
    "hint": ""
  },
  "36": {
    "answer": [0],
    "hint": ""
  },
  "37": {
    "answer": [3],
    "hint": ""
  },
  "38": {
    "answer": [3],
    "hint": ""
  },
  "39": {
    "answer": [0],
    "hint": ""
  },
  "40": {
    "answer": [0],
    "hint": ""
  },
  "41": {
    "answer": [4],
    "hint": ""
  },
  "42": {
    "answer": [0],
    "hint": ""
  },
  "43": {
    "answer": [2],
    "hint": ""
  },
  "44": {
    "answer": [0],
    "hint": ""
  },
  "45": {
    "answer": [4],
    "hint": ""
  },
  "46": {
    "answer": [3],
    "hint": ""
  },
  "47": {
    "answer": [2],
    "hint": ""
  },
  "48": {
    "answer": [1],
    "hint": ""
  },
  "49": {
    "answer": [0],
    "hint": ""
  },
  "50": {
    "answer": [3],
    "hint": ""
  },
  "51": {
    "answer": [1],
    "hint": ""
  },
  "52": {
    "answer": [2],
    "hint": ""
  },
  "53": {
    "answer": [1],
    "hint": ""
  },
  "54": {
    "answer": [3],
    "hint": ""
  },
  "55": {
    "answer": [3],
    "hint": ""
  },
  "56": {
    "answer": [2],
    "hint": ""
  },
  "57": {
    "answer": [0],
    "hint": ""
  },
  "58": {
    "answer": [2],
    "hint": ""
  },
  "59": {
    "answer": [3],
    "hint": ""
  },
  "60": {
    "answer": [2],
    "hint": ""
  },
  "61": {
    "answer": [1],
    "hint": ""
  },
  "62": {
    "answer": [3],
    "hint": ""
  },
  "63": {
    "answer": [0],
    "hint": ""
  },
  "64": {
    "answer": [1],
    "hint": ""
  },
  "65": {
    "answer": [0],
    "hint": ""
  },
  "66": {
    "answer": [3],
    "hint": ""
  },
  "67": {
    "answer": [2],
    "hint": ""
  },
  "68": {
    "answer": [2],
    "hint": ""
  },
  "69": {
    "answer": [0],
    "hint": ""
  },
  "70": {
    "answer": [0],
    "hint": ""
  },
  "71": {
    "answer": [0],
    "hint": ""
  },
  "72": {
    "answer": [2],
    "hint": ""
  },
  "73": {
    "answer": [2],
    "hint": ""
  },
  "74": {
    "answer": [2],
    "hint": ""
  },
  "75": {
    "answer": [2],
    "hint": ""
  },
  "76": {
    "answer": [2],
    "hint": ""
  },
  "77": {
    "answer": [0],
    "hint": ""
  },
  "78": {
    "answer": [0],
    "hint": ""
  },
  "79": {
    "answer": [1],
    "hint": ""
  },
  "80": {
    "answer": [2],
    "hint": ""
  },
  "81": {
    "answer": [0],
    "hint": ""
  },
  "82": {
    "answer": [0],
    "hint": ""
  },
  "83": {
    "answer": [2],
    "hint": ""
  },
  "84": {
    "answer": [0],
    "hint": ""
  },
  "85": {
    "answer": [1],
    "hint": ""
  },
  "86": {
    "answer": [1],
    "hint": ""
  },
  "87": {
    "answer": [1],
    "hint": ""
  },
  "88": {
    "answer": [2],
    "hint": ""
  },
  "89": {
    "answer": [2],
    "hint": ""
  },
  "90": {
    "answer": [1],
    "hint": ""
  },
  "91": {
    "answer": [0],
    "hint": ""
  },
  "92": {
    "answer": [1],
    "hint": ""
  },
  "93": {
    "answer": [2],
    "hint": ""
  },
  "94": {
    "answer": [0],
    "hint": ""
  },
  "95": {
    "answer": [3],
    "hint": ""
  },
  "96": {
    "answer": [2],
    "hint": ""
  },
  "97": {
    "answer": [0],
    "hint": ""
  },
  "98": {
    "answer": [3],
    "hint": ""
  },
  "99": {
    "answer": [2],
    "hint": ""
  },
  "100": {
    "answer": [1],
    "hint": ""
  },
  "101": {
    "answer": [2],
    "hint": ""
  },
  "102": {
    "answer": [0],
    "hint": ""
  },
  "103": {
    "answer": [1],
    "hint": ""
  },
  "104": {
    "answer": [3],
    "hint": ""
  },
  "105": {
    "answer": [0],
    "hint": ""
  },
  "106": {
    "answer": [2],
    "hint": ""
  },
  "107": {
    "answer": [0],
    "hint": ""
  },
  "108": {
    "answer": [3],
    "hint": ""
  },
  "109": {
    "answer": [2],
    "hint": ""
  },
  "110": {
    "answer": [1],
    "hint": ""
  },
  "111": {
    "answer": [2],
    "hint": ""
  },
  "112": {
    "answer": [0],
    "hint": ""
  },
  "113": {
    "answer": [3],
    "hint": ""
  },
  "114": {
    "answer": [0],
    "hint": ""
  },
  "115": {
    "answer": [1],
    "hint": ""
  },
  "116": {
    "answer": [2],
    "hint": ""
  },
  "117": {
    "answer": [2],
    "hint": ""
  },
  "118": {
    "answer": [0],
    "hint": ""
  },
  "119": {
    "answer": [1],
    "hint": ""
  },
  "120": {
    "answer": [1],
    "hint": ""
  },
  "121": {
    "answer": [1],
    "hint": ""
  },
  "122": {
    "answer": [0],
    "hint": ""
  },
  "123": {
    "answer": [1],
    "hint": ""
  },
  "124": {
    "answer": [3],
    "hint": ""
  },
  "125": {
    "answer": [2],
    "hint": ""
  },
  "126": {
    "answer": [0],
    "hint": ""
  },
  "127": {
    "answer": [3],
    "hint": ""
  },
  "128": {
    "answer": [0],
    "hint": ""
  },
  "129": {
    "answer": [2],
    "hint": ""
  },
  "130": {
    "answer": [1],
    "hint": ""
  },
  "131": {
    "answer": [4],
    "hint": ""
  },
  "132": {
    "answer": [1],
    "hint": ""
  },
  "133": {
    "answer": [3],
    "hint": ""
  },
  "134": {
    "answer": [1],
    "hint": ""
  },
  "135": {
    "answer": [0],
    "hint": ""
  },
  "136": {
    "answer": [1],
    "hint": ""
  },
  "137": {
    "answer": [1],
    "hint": ""
  },
  "138": {
    "answer": [3],
    "hint": ""
  },
  "139": {
    "answer": [2],
    "hint": ""
  },
  "140": {
    "answer": [3],
    "hint": ""
  },
  "141": {
    "answer": [1],
    "hint": ""
  },
  "142": {
    "answer": [0],
    "hint": ""
  },
  "143": {
    "answer": [2],
    "hint": ""
  },
  "144": {
    "answer": [0],
    "hint": ""
  },
  "145": {
    "answer": [1],
    "hint": ""
  },
  "146": {
    "answer": [2],
    "hint": ""
  },
  "147": {
    "answer": [1],
    "hint": ""
  },
  "148": {
    "answer": [2],
    "hint": ""
  },
  "149": {
    "answer": [2],
    "hint": ""
  },
  "150": {
    "answer": [4],
    "hint": ""
  },
  "151": {
    "answer": [0],
    "hint": ""
  },
  "152": {
    "answer": [0],
    "hint": ""
  },
  "153": {
    "answer": [0],
    "hint": ""
  },
  "154": {
    "answer": [0],
    "hint": ""
  },
  "155": {
    "answer": [0],
    "hint": ""
  },
  "156": {
    "answer": [2],
    "hint": ""
  },
  "157": {
    "answer": [0],
    "hint": ""
  },
  "158": {
    "answer": [3],
    "hint": ""
  },
  "159": {
    "answer": [3],
    "hint": ""
  },
  "160": {
    "answer": [4],
    "hint": ""
  },
  "161": {
    "answer": [3],
    "hint": ""
  },
  "162": {
    "answer": [1],
    "hint": ""
  },
  "163": {
    "answer": [3],
    "hint": ""
  },
  "164": {
    "answer": [1],
    "hint": ""
  },
  "165": {
    "answer": [1],
    "hint": ""
  },
  "166": {
    "answer": [3],
    "hint": ""
  },
  "167": {
    "answer": [0],
    "hint": ""
  },
  "168": {
    "answer": [1],
    "hint": ""
  },
  "169": {
    "answer": [2],
    "hint": ""
  },
  "170": {
    "answer": [1],
    "hint": ""
  },
  "171": {
    "answer": [1],
    "hint": ""
  },
  "172": {
    "answer": [1],
    "hint": ""
  },
  "173": {
    "answer": [0],
    "hint": ""
  },
  "174": {
    "answer": [0],
    "hint": ""
  },
  "175": {
    "answer": [1],
    "hint": ""
  },
  "176": {
    "answer": [0],
    "hint": ""
  },
  "177": {
    "answer": [0],
    "hint": ""
  },
  "178": {
    "answer": [2],
    "hint": ""
  },
  "179": {
    "answer": [0],
    "hint": ""
  },
  "180": {
    "answer": [3],
    "hint": ""
  },
  "181": {
    "answer": [2],
    "hint": ""
  },
  "182": {
    "answer": [2],
    "hint": ""
  },
  "183": {
    "answer": [3],
    "hint": ""
  },
  "184": {
    "answer": [1],
    "hint": ""
  },
  "185": {
    "answer": [2],
    "hint": ""
  },
  "186": {
    "answer": [1],
    "hint": ""
  },
  "187": {
    "answer": [0],
    "hint": ""
  },
  "188": {
    "answer": [0],
    "hint": ""
  },
  "189": {
    "answer": [2],
    "hint": ""
  },
  "190": {
    "answer": [0],
    "hint": ""
  },
  "191": {
    "answer": [1],
    "hint": ""
  },
  "192": {
    "answer": [3],
    "hint": ""
  },
  "193": {
    "answer": [0],
    "hint": ""
  },
  "194": {
    "answer": [1],
    "hint": ""
  },
  "195": {
    "answer": [0],
    "hint": ""
  },
  "196": {
    "answer": [3],
    "hint": ""
  },
  "197": {
    "answer": [4],
    "hint": ""
  },
  "198": {
    "answer": [3],
    "hint": ""
  },
  "199": {
    "answer": [2],
    "hint": ""
  },
  "200": {
    "answer": [1],
    "hint": ""
  }
}
